notes.nagi.tw/,https://nagi.tw/,301,TRUE,FALSE,FALSE,FALSE
notes.nagi.tw/about,https://nagi.tw/about/,301,TRUE,FALSE,FALSE,FALSE
notes.nagi.tw/about/,https://nagi.tw/about/,301,TRUE,FALSE,FALSE,FALSE
notes.nagi.tw/about/index.html,https://nagi.tw/about/,301,TRUE,FALSE,FALSE,FALSE
notes.nagi.tw/archive,https://nagi.tw/archive/,301,TRUE,FALSE,FALSE,FALSE
notes.nagi.tw/archive/,https://nagi.tw/archive/,301,TRUE,FALSE,FALSE,FALSE
notes.nagi.tw/archive/index.html,https://nagi.tw/archive/,301,TRUE,FALSE,FALSE,FALSE
notes.nagi.tw/articles,https://nagi.tw/articles/,301,TRUE,FALSE,FALSE,FALSE
notes.nagi.tw/articles/,https://nagi.tw/articles/,301,TRUE,FALSE,FALSE,FALSE
notes.nagi.tw/articles/2026-security-conference,https://nagi.tw/articles/2026-security-conference/,301,TRUE,FALSE,FALSE,FALSE
notes.nagi.tw/articles/2026-security-conference.en,https://nagi.tw/en/articles/2026-security-conference/,301,TRUE,FALSE,FALSE,FALSE
notes.nagi.tw/articles/2026-security-conference.en.html,https://nagi.tw/en/articles/2026-security-conference/,301,TRUE,FALSE,FALSE,FALSE
notes.nagi.tw/articles/2026-security-conference.en/,https://nagi.tw/en/articles/2026-security-conference/,301,TRUE,FALSE,FALSE,FALSE
notes.nagi.tw/articles/2026-security-conference.ja,https://nagi.tw/ja/articles/2026-security-conference/,301,TRUE,FALSE,FALSE,FALSE
notes.nagi.tw/articles/2026-security-conference.ja.html,https://nagi.tw/ja/articles/2026-security-conference/,301,TRUE,FALSE,FALSE,FALSE
notes.nagi.tw/articles/2026-security-conference.ja/,https://nagi.tw/ja/articles/2026-security-conference/,301,TRUE,FALSE,FALSE,FALSE
notes.nagi.tw/articles/2026-security-conference/,https://nagi.tw/articles/2026-security-conference/,301,TRUE,FALSE,FALSE,FALSE
notes.nagi.tw/articles/2026-security-conference/en,https://nagi.tw/en/articles/2026-security-conference/,301,TRUE,FALSE,FALSE,FALSE
notes.nagi.tw/articles/2026-security-conference/en/,https://nagi.tw/en/articles/2026-security-conference/,301,TRUE,FALSE,FALSE,FALSE
notes.nagi.tw/articles/2026-security-conference/index.html,https://nagi.tw/articles/2026-security-conference/,301,TRUE,FALSE,FALSE,FALSE
notes.nagi.tw/articles/2026-security-conference/ja,https://nagi.tw/ja/articles/2026-security-conference/,301,TRUE,FALSE,FALSE,FALSE
notes.nagi.tw/articles/2026-security-conference/ja/,https://nagi.tw/ja/articles/2026-security-conference/,301,TRUE,FALSE,FALSE,FALSE
notes.nagi.tw/articles/ctf-meets-malware-analysis-windows,https://nagi.tw/articles/ctf-meets-malware-analysis-windows/,301,TRUE,FALSE,FALSE,FALSE
notes.nagi.tw/articles/ctf-meets-malware-analysis-windows.en,https://nagi.tw/en/articles/ctf-meets-malware-analysis-windows/,301,TRUE,FALSE,FALSE,FALSE
notes.nagi.tw/articles/ctf-meets-malware-analysis-windows.en.html,https://nagi.tw/en/articles/ctf-meets-malware-analysis-windows/,301,TRUE,FALSE,FALSE,FALSE
notes.nagi.tw/articles/ctf-meets-malware-analysis-windows.en/,https://nagi.tw/en/articles/ctf-meets-malware-analysis-windows/,301,TRUE,FALSE,FALSE,FALSE
notes.nagi.tw/articles/ctf-meets-malware-analysis-windows.ja,https://nagi.tw/ja/articles/ctf-meets-malware-analysis-windows/,301,TRUE,FALSE,FALSE,FALSE
notes.nagi.tw/articles/ctf-meets-malware-analysis-windows.ja.html,https://nagi.tw/ja/articles/ctf-meets-malware-analysis-windows/,301,TRUE,FALSE,FALSE,FALSE
notes.nagi.tw/articles/ctf-meets-malware-analysis-windows.ja/,https://nagi.tw/ja/articles/ctf-meets-malware-analysis-windows/,301,TRUE,FALSE,FALSE,FALSE
notes.nagi.tw/articles/ctf-meets-malware-analysis-windows/,https://nagi.tw/articles/ctf-meets-malware-analysis-windows/,301,TRUE,FALSE,FALSE,FALSE
notes.nagi.tw/articles/ctf-meets-malware-analysis-windows/en,https://nagi.tw/en/articles/ctf-meets-malware-analysis-windows/,301,TRUE,FALSE,FALSE,FALSE
notes.nagi.tw/articles/ctf-meets-malware-analysis-windows/en/,https://nagi.tw/en/articles/ctf-meets-malware-analysis-windows/,301,TRUE,FALSE,FALSE,FALSE
notes.nagi.tw/articles/ctf-meets-malware-analysis-windows/index.html,https://nagi.tw/articles/ctf-meets-malware-analysis-windows/,301,TRUE,FALSE,FALSE,FALSE
notes.nagi.tw/articles/ctf-meets-malware-analysis-windows/ja,https://nagi.tw/ja/articles/ctf-meets-malware-analysis-windows/,301,TRUE,FALSE,FALSE,FALSE
notes.nagi.tw/articles/ctf-meets-malware-analysis-windows/ja/,https://nagi.tw/ja/articles/ctf-meets-malware-analysis-windows/,301,TRUE,FALSE,FALSE,FALSE
notes.nagi.tw/articles/first-hackathon-in-university,https://nagi.tw/articles/first-hackathon-in-university/,301,TRUE,FALSE,FALSE,FALSE
notes.nagi.tw/articles/first-hackathon-in-university/,https://nagi.tw/articles/first-hackathon-in-university/,301,TRUE,FALSE,FALSE,FALSE
notes.nagi.tw/articles/first-hackathon-in-university/index.html,https://nagi.tw/articles/first-hackathon-in-university/,301,TRUE,FALSE,FALSE,FALSE
notes.nagi.tw/articles/frc-engineering-team,https://nagi.tw/articles/frc-engineering-team/,301,TRUE,FALSE,FALSE,FALSE
notes.nagi.tw/articles/frc-engineering-team/,https://nagi.tw/articles/frc-engineering-team/,301,TRUE,FALSE,FALSE,FALSE
notes.nagi.tw/articles/frc-engineering-team/index.html,https://nagi.tw/articles/frc-engineering-team/,301,TRUE,FALSE,FALSE,FALSE
notes.nagi.tw/articles/index.html,https://nagi.tw/articles/,301,TRUE,FALSE,FALSE,FALSE
notes.nagi.tw/articles/infosec-taiwan-2026-student-industry-gap,https://nagi.tw/articles/infosec-taiwan-2026-student-industry-gap/,301,TRUE,FALSE,FALSE,FALSE
notes.nagi.tw/articles/infosec-taiwan-2026-student-industry-gap.en,https://nagi.tw/en/articles/infosec-taiwan-2026-student-industry-gap/,301,TRUE,FALSE,FALSE,FALSE
notes.nagi.tw/articles/infosec-taiwan-2026-student-industry-gap.en.html,https://nagi.tw/en/articles/infosec-taiwan-2026-student-industry-gap/,301,TRUE,FALSE,FALSE,FALSE
notes.nagi.tw/articles/infosec-taiwan-2026-student-industry-gap.en/,https://nagi.tw/en/articles/infosec-taiwan-2026-student-industry-gap/,301,TRUE,FALSE,FALSE,FALSE
notes.nagi.tw/articles/infosec-taiwan-2026-student-industry-gap.ja,https://nagi.tw/ja/articles/infosec-taiwan-2026-student-industry-gap/,301,TRUE,FALSE,FALSE,FALSE
notes.nagi.tw/articles/infosec-taiwan-2026-student-industry-gap.ja.html,https://nagi.tw/ja/articles/infosec-taiwan-2026-student-industry-gap/,301,TRUE,FALSE,FALSE,FALSE
notes.nagi.tw/articles/infosec-taiwan-2026-student-industry-gap.ja/,https://nagi.tw/ja/articles/infosec-taiwan-2026-student-industry-gap/,301,TRUE,FALSE,FALSE,FALSE
notes.nagi.tw/articles/infosec-taiwan-2026-student-industry-gap/,https://nagi.tw/articles/infosec-taiwan-2026-student-industry-gap/,301,TRUE,FALSE,FALSE,FALSE
notes.nagi.tw/articles/infosec-taiwan-2026-student-industry-gap/en,https://nagi.tw/en/articles/infosec-taiwan-2026-student-industry-gap/,301,TRUE,FALSE,FALSE,FALSE
notes.nagi.tw/articles/infosec-taiwan-2026-student-industry-gap/en/,https://nagi.tw/en/articles/infosec-taiwan-2026-student-industry-gap/,301,TRUE,FALSE,FALSE,FALSE
notes.nagi.tw/articles/infosec-taiwan-2026-student-industry-gap/index.html,https://nagi.tw/articles/infosec-taiwan-2026-student-industry-gap/,301,TRUE,FALSE,FALSE,FALSE
notes.nagi.tw/articles/infosec-taiwan-2026-student-industry-gap/ja,https://nagi.tw/ja/articles/infosec-taiwan-2026-student-industry-gap/,301,TRUE,FALSE,FALSE,FALSE
notes.nagi.tw/articles/infosec-taiwan-2026-student-industry-gap/ja/,https://nagi.tw/ja/articles/infosec-taiwan-2026-student-industry-gap/,301,TRUE,FALSE,FALSE,FALSE
notes.nagi.tw/articles/not-everyone-has-to-walk-the-same-road,https://nagi.tw/articles/not-everyone-has-to-walk-the-same-road/,301,TRUE,FALSE,FALSE,FALSE
notes.nagi.tw/articles/not-everyone-has-to-walk-the-same-road.ja,https://nagi.tw/ja/articles/not-everyone-has-to-walk-the-same-road/,301,TRUE,FALSE,FALSE,FALSE
notes.nagi.tw/articles/not-everyone-has-to-walk-the-same-road.ja.html,https://nagi.tw/ja/articles/not-everyone-has-to-walk-the-same-road/,301,TRUE,FALSE,FALSE,FALSE
notes.nagi.tw/articles/not-everyone-has-to-walk-the-same-road.ja/,https://nagi.tw/ja/articles/not-everyone-has-to-walk-the-same-road/,301,TRUE,FALSE,FALSE,FALSE
notes.nagi.tw/articles/not-everyone-has-to-walk-the-same-road/,https://nagi.tw/articles/not-everyone-has-to-walk-the-same-road/,301,TRUE,FALSE,FALSE,FALSE
notes.nagi.tw/articles/not-everyone-has-to-walk-the-same-road/index.html,https://nagi.tw/articles/not-everyone-has-to-walk-the-same-road/,301,TRUE,FALSE,FALSE,FALSE
notes.nagi.tw/articles/not-everyone-has-to-walk-the-same-road/ja,https://nagi.tw/ja/articles/not-everyone-has-to-walk-the-same-road/,301,TRUE,FALSE,FALSE,FALSE
notes.nagi.tw/articles/not-everyone-has-to-walk-the-same-road/ja/,https://nagi.tw/ja/articles/not-everyone-has-to-walk-the-same-road/,301,TRUE,FALSE,FALSE,FALSE
notes.nagi.tw/articles/nurse-made-me-rethink-medical-cybersecurity,https://nagi.tw/articles/nurse-made-me-rethink-medical-cybersecurity/,301,TRUE,FALSE,FALSE,FALSE
notes.nagi.tw/articles/nurse-made-me-rethink-medical-cybersecurity.en,https://nagi.tw/en/articles/nurse-made-me-rethink-medical-cybersecurity/,301,TRUE,FALSE,FALSE,FALSE
notes.nagi.tw/articles/nurse-made-me-rethink-medical-cybersecurity.en.html,https://nagi.tw/en/articles/nurse-made-me-rethink-medical-cybersecurity/,301,TRUE,FALSE,FALSE,FALSE
notes.nagi.tw/articles/nurse-made-me-rethink-medical-cybersecurity.en/,https://nagi.tw/en/articles/nurse-made-me-rethink-medical-cybersecurity/,301,TRUE,FALSE,FALSE,FALSE
notes.nagi.tw/articles/nurse-made-me-rethink-medical-cybersecurity.ja,https://nagi.tw/ja/articles/nurse-made-me-rethink-medical-cybersecurity/,301,TRUE,FALSE,FALSE,FALSE
notes.nagi.tw/articles/nurse-made-me-rethink-medical-cybersecurity.ja.html,https://nagi.tw/ja/articles/nurse-made-me-rethink-medical-cybersecurity/,301,TRUE,FALSE,FALSE,FALSE
notes.nagi.tw/articles/nurse-made-me-rethink-medical-cybersecurity.ja/,https://nagi.tw/ja/articles/nurse-made-me-rethink-medical-cybersecurity/,301,TRUE,FALSE,FALSE,FALSE
notes.nagi.tw/articles/nurse-made-me-rethink-medical-cybersecurity/,https://nagi.tw/articles/nurse-made-me-rethink-medical-cybersecurity/,301,TRUE,FALSE,FALSE,FALSE
notes.nagi.tw/articles/nurse-made-me-rethink-medical-cybersecurity/en,https://nagi.tw/en/articles/nurse-made-me-rethink-medical-cybersecurity/,301,TRUE,FALSE,FALSE,FALSE
notes.nagi.tw/articles/nurse-made-me-rethink-medical-cybersecurity/en/,https://nagi.tw/en/articles/nurse-made-me-rethink-medical-cybersecurity/,301,TRUE,FALSE,FALSE,FALSE
notes.nagi.tw/articles/nurse-made-me-rethink-medical-cybersecurity/index.html,https://nagi.tw/articles/nurse-made-me-rethink-medical-cybersecurity/,301,TRUE,FALSE,FALSE,FALSE
notes.nagi.tw/articles/nurse-made-me-rethink-medical-cybersecurity/ja,https://nagi.tw/ja/articles/nurse-made-me-rethink-medical-cybersecurity/,301,TRUE,FALSE,FALSE,FALSE
notes.nagi.tw/articles/nurse-made-me-rethink-medical-cybersecurity/ja/,https://nagi.tw/ja/articles/nurse-made-me-rethink-medical-cybersecurity/,301,TRUE,FALSE,FALSE,FALSE
notes.nagi.tw/articles/prologue-the-people-i-met-along-the-way,https://nagi.tw/articles/prologue-the-people-i-met-along-the-way/,301,TRUE,FALSE,FALSE,FALSE
notes.nagi.tw/articles/prologue-the-people-i-met-along-the-way.ja,https://nagi.tw/ja/articles/prologue-the-people-i-met-along-the-way/,301,TRUE,FALSE,FALSE,FALSE
notes.nagi.tw/articles/prologue-the-people-i-met-along-the-way.ja.html,https://nagi.tw/ja/articles/prologue-the-people-i-met-along-the-way/,301,TRUE,FALSE,FALSE,FALSE
notes.nagi.tw/articles/prologue-the-people-i-met-along-the-way.ja/,https://nagi.tw/ja/articles/prologue-the-people-i-met-along-the-way/,301,TRUE,FALSE,FALSE,FALSE
notes.nagi.tw/articles/prologue-the-people-i-met-along-the-way/,https://nagi.tw/articles/prologue-the-people-i-met-along-the-way/,301,TRUE,FALSE,FALSE,FALSE
notes.nagi.tw/articles/prologue-the-people-i-met-along-the-way/index.html,https://nagi.tw/articles/prologue-the-people-i-met-along-the-way/,301,TRUE,FALSE,FALSE,FALSE
notes.nagi.tw/articles/prologue-the-people-i-met-along-the-way/ja,https://nagi.tw/ja/articles/prologue-the-people-i-met-along-the-way/,301,TRUE,FALSE,FALSE,FALSE
notes.nagi.tw/articles/prologue-the-people-i-met-along-the-way/ja/,https://nagi.tw/ja/articles/prologue-the-people-i-met-along-the-way/,301,TRUE,FALSE,FALSE,FALSE
notes.nagi.tw/articles/recent-projects-and-life-update,https://nagi.tw/articles/recent-projects-and-life-update/,301,TRUE,FALSE,FALSE,FALSE
notes.nagi.tw/articles/recent-projects-and-life-update/,https://nagi.tw/articles/recent-projects-and-life-update/,301,TRUE,FALSE,FALSE,FALSE
notes.nagi.tw/articles/recent-projects-and-life-update/index.html,https://nagi.tw/articles/recent-projects-and-life-update/,301,TRUE,FALSE,FALSE,FALSE
notes.nagi.tw/articles/retail-work-sme-security-culture,https://nagi.tw/articles/retail-work-sme-security-culture/,301,TRUE,FALSE,FALSE,FALSE
notes.nagi.tw/articles/retail-work-sme-security-culture.en,https://nagi.tw/en/articles/retail-work-sme-security-culture/,301,TRUE,FALSE,FALSE,FALSE
notes.nagi.tw/articles/retail-work-sme-security-culture.en.html,https://nagi.tw/en/articles/retail-work-sme-security-culture/,301,TRUE,FALSE,FALSE,FALSE
notes.nagi.tw/articles/retail-work-sme-security-culture.en/,https://nagi.tw/en/articles/retail-work-sme-security-culture/,301,TRUE,FALSE,FALSE,FALSE
notes.nagi.tw/articles/retail-work-sme-security-culture.ja,https://nagi.tw/ja/articles/retail-work-sme-security-culture/,301,TRUE,FALSE,FALSE,FALSE
notes.nagi.tw/articles/retail-work-sme-security-culture.ja.html,https://nagi.tw/ja/articles/retail-work-sme-security-culture/,301,TRUE,FALSE,FALSE,FALSE
notes.nagi.tw/articles/retail-work-sme-security-culture.ja/,https://nagi.tw/ja/articles/retail-work-sme-security-culture/,301,TRUE,FALSE,FALSE,FALSE
notes.nagi.tw/articles/retail-work-sme-security-culture/,https://nagi.tw/articles/retail-work-sme-security-culture/,301,TRUE,FALSE,FALSE,FALSE
notes.nagi.tw/articles/retail-work-sme-security-culture/en,https://nagi.tw/en/articles/retail-work-sme-security-culture/,301,TRUE,FALSE,FALSE,FALSE
notes.nagi.tw/articles/retail-work-sme-security-culture/en/,https://nagi.tw/en/articles/retail-work-sme-security-culture/,301,TRUE,FALSE,FALSE,FALSE
notes.nagi.tw/articles/retail-work-sme-security-culture/index.html,https://nagi.tw/articles/retail-work-sme-security-culture/,301,TRUE,FALSE,FALSE,FALSE
notes.nagi.tw/articles/retail-work-sme-security-culture/ja,https://nagi.tw/ja/articles/retail-work-sme-security-culture/,301,TRUE,FALSE,FALSE,FALSE
notes.nagi.tw/articles/retail-work-sme-security-culture/ja/,https://nagi.tw/ja/articles/retail-work-sme-security-culture/,301,TRUE,FALSE,FALSE,FALSE
notes.nagi.tw/articles/ten-years-from-now-dont-forget-who-you-are-now,https://nagi.tw/articles/ten-years-from-now-dont-forget-who-you-are-now/,301,TRUE,FALSE,FALSE,FALSE
notes.nagi.tw/articles/ten-years-from-now-dont-forget-who-you-are-now.ja,https://nagi.tw/ja/articles/ten-years-from-now-dont-forget-who-you-are-now/,301,TRUE,FALSE,FALSE,FALSE
notes.nagi.tw/articles/ten-years-from-now-dont-forget-who-you-are-now.ja.html,https://nagi.tw/ja/articles/ten-years-from-now-dont-forget-who-you-are-now/,301,TRUE,FALSE,FALSE,FALSE
notes.nagi.tw/articles/ten-years-from-now-dont-forget-who-you-are-now.ja/,https://nagi.tw/ja/articles/ten-years-from-now-dont-forget-who-you-are-now/,301,TRUE,FALSE,FALSE,FALSE
notes.nagi.tw/articles/ten-years-from-now-dont-forget-who-you-are-now/,https://nagi.tw/articles/ten-years-from-now-dont-forget-who-you-are-now/,301,TRUE,FALSE,FALSE,FALSE
notes.nagi.tw/articles/ten-years-from-now-dont-forget-who-you-are-now/index.html,https://nagi.tw/articles/ten-years-from-now-dont-forget-who-you-are-now/,301,TRUE,FALSE,FALSE,FALSE
notes.nagi.tw/articles/ten-years-from-now-dont-forget-who-you-are-now/ja,https://nagi.tw/ja/articles/ten-years-from-now-dont-forget-who-you-are-now/,301,TRUE,FALSE,FALSE,FALSE
notes.nagi.tw/articles/ten-years-from-now-dont-forget-who-you-are-now/ja/,https://nagi.tw/ja/articles/ten-years-from-now-dont-forget-who-you-are-now/,301,TRUE,FALSE,FALSE,FALSE
notes.nagi.tw/assets/images/casper.png,https://nagi.tw/assets/images/casper.png,301,TRUE,FALSE,FALSE,FALSE
notes.nagi.tw/assets/images/cybersec-2026.jpg,https://nagi.tw/assets/images/cybersec-2026.jpg,301,TRUE,FALSE,FALSE,FALSE
notes.nagi.tw/assets/images/seraph.png,https://nagi.tw/assets/images/seraph.png,301,TRUE,FALSE,FALSE,FALSE
notes.nagi.tw/contact,https://nagi.tw/contact/,301,TRUE,FALSE,FALSE,FALSE
notes.nagi.tw/contact/,https://nagi.tw/contact/,301,TRUE,FALSE,FALSE,FALSE
notes.nagi.tw/contact/index.html,https://nagi.tw/contact/,301,TRUE,FALSE,FALSE,FALSE
notes.nagi.tw/en,https://nagi.tw/en/,301,TRUE,FALSE,FALSE,FALSE
notes.nagi.tw/en/,https://nagi.tw/en/,301,TRUE,FALSE,FALSE,FALSE
notes.nagi.tw/en/about,https://nagi.tw/en/about/,301,TRUE,FALSE,FALSE,FALSE
notes.nagi.tw/en/about/,https://nagi.tw/en/about/,301,TRUE,FALSE,FALSE,FALSE
notes.nagi.tw/en/about/index.html,https://nagi.tw/en/about/,301,TRUE,FALSE,FALSE,FALSE
notes.nagi.tw/en/archive,https://nagi.tw/en/archive/,301,TRUE,FALSE,FALSE,FALSE
notes.nagi.tw/en/archive/,https://nagi.tw/en/archive/,301,TRUE,FALSE,FALSE,FALSE
notes.nagi.tw/en/archive/index.html,https://nagi.tw/en/archive/,301,TRUE,FALSE,FALSE,FALSE
notes.nagi.tw/en/articles,https://nagi.tw/en/articles/,301,TRUE,FALSE,FALSE,FALSE
notes.nagi.tw/en/articles/,https://nagi.tw/en/articles/,301,TRUE,FALSE,FALSE,FALSE
notes.nagi.tw/en/articles/2026-security-conference,https://nagi.tw/en/articles/2026-security-conference/,301,TRUE,FALSE,FALSE,FALSE
notes.nagi.tw/en/articles/2026-security-conference/,https://nagi.tw/en/articles/2026-security-conference/,301,TRUE,FALSE,FALSE,FALSE
notes.nagi.tw/en/articles/2026-security-conference/index.html,https://nagi.tw/en/articles/2026-security-conference/,301,TRUE,FALSE,FALSE,FALSE
notes.nagi.tw/en/articles/ctf-meets-malware-analysis-windows,https://nagi.tw/en/articles/ctf-meets-malware-analysis-windows/,301,TRUE,FALSE,FALSE,FALSE
notes.nagi.tw/en/articles/ctf-meets-malware-analysis-windows/,https://nagi.tw/en/articles/ctf-meets-malware-analysis-windows/,301,TRUE,FALSE,FALSE,FALSE
notes.nagi.tw/en/articles/ctf-meets-malware-analysis-windows/index.html,https://nagi.tw/en/articles/ctf-meets-malware-analysis-windows/,301,TRUE,FALSE,FALSE,FALSE
notes.nagi.tw/en/articles/first-hackathon-in-university,https://nagi.tw/en/articles/first-hackathon-in-university/,301,TRUE,FALSE,FALSE,FALSE
notes.nagi.tw/en/articles/first-hackathon-in-university/,https://nagi.tw/en/articles/first-hackathon-in-university/,301,TRUE,FALSE,FALSE,FALSE
notes.nagi.tw/en/articles/first-hackathon-in-university/index.html,https://nagi.tw/en/articles/first-hackathon-in-university/,301,TRUE,FALSE,FALSE,FALSE
notes.nagi.tw/en/articles/frc-engineering-team,https://nagi.tw/en/articles/frc-engineering-team/,301,TRUE,FALSE,FALSE,FALSE
notes.nagi.tw/en/articles/frc-engineering-team/,https://nagi.tw/en/articles/frc-engineering-team/,301,TRUE,FALSE,FALSE,FALSE
notes.nagi.tw/en/articles/frc-engineering-team/index.html,https://nagi.tw/en/articles/frc-engineering-team/,301,TRUE,FALSE,FALSE,FALSE
notes.nagi.tw/en/articles/index.html,https://nagi.tw/en/articles/,301,TRUE,FALSE,FALSE,FALSE
notes.nagi.tw/en/articles/infosec-taiwan-2026-student-industry-gap,https://nagi.tw/en/articles/infosec-taiwan-2026-student-industry-gap/,301,TRUE,FALSE,FALSE,FALSE
notes.nagi.tw/en/articles/infosec-taiwan-2026-student-industry-gap/,https://nagi.tw/en/articles/infosec-taiwan-2026-student-industry-gap/,301,TRUE,FALSE,FALSE,FALSE
notes.nagi.tw/en/articles/infosec-taiwan-2026-student-industry-gap/index.html,https://nagi.tw/en/articles/infosec-taiwan-2026-student-industry-gap/,301,TRUE,FALSE,FALSE,FALSE
notes.nagi.tw/en/articles/not-everyone-has-to-walk-the-same-road,https://nagi.tw/en/articles/not-everyone-has-to-walk-the-same-road/,301,TRUE,FALSE,FALSE,FALSE
notes.nagi.tw/en/articles/not-everyone-has-to-walk-the-same-road/,https://nagi.tw/en/articles/not-everyone-has-to-walk-the-same-road/,301,TRUE,FALSE,FALSE,FALSE
notes.nagi.tw/en/articles/not-everyone-has-to-walk-the-same-road/index.html,https://nagi.tw/en/articles/not-everyone-has-to-walk-the-same-road/,301,TRUE,FALSE,FALSE,FALSE
notes.nagi.tw/en/articles/nurse-made-me-rethink-medical-cybersecurity,https://nagi.tw/en/articles/nurse-made-me-rethink-medical-cybersecurity/,301,TRUE,FALSE,FALSE,FALSE
notes.nagi.tw/en/articles/nurse-made-me-rethink-medical-cybersecurity/,https://nagi.tw/en/articles/nurse-made-me-rethink-medical-cybersecurity/,301,TRUE,FALSE,FALSE,FALSE
notes.nagi.tw/en/articles/nurse-made-me-rethink-medical-cybersecurity/index.html,https://nagi.tw/en/articles/nurse-made-me-rethink-medical-cybersecurity/,301,TRUE,FALSE,FALSE,FALSE
notes.nagi.tw/en/articles/prologue-the-people-i-met-along-the-way,https://nagi.tw/en/articles/prologue-the-people-i-met-along-the-way/,301,TRUE,FALSE,FALSE,FALSE
notes.nagi.tw/en/articles/prologue-the-people-i-met-along-the-way/,https://nagi.tw/en/articles/prologue-the-people-i-met-along-the-way/,301,TRUE,FALSE,FALSE,FALSE
notes.nagi.tw/en/articles/prologue-the-people-i-met-along-the-way/index.html,https://nagi.tw/en/articles/prologue-the-people-i-met-along-the-way/,301,TRUE,FALSE,FALSE,FALSE
notes.nagi.tw/en/articles/recent-projects-and-life-update,https://nagi.tw/en/articles/recent-projects-and-life-update/,301,TRUE,FALSE,FALSE,FALSE
notes.nagi.tw/en/articles/recent-projects-and-life-update/,https://nagi.tw/en/articles/recent-projects-and-life-update/,301,TRUE,FALSE,FALSE,FALSE
notes.nagi.tw/en/articles/recent-projects-and-life-update/index.html,https://nagi.tw/en/articles/recent-projects-and-life-update/,301,TRUE,FALSE,FALSE,FALSE
notes.nagi.tw/en/articles/retail-work-sme-security-culture,https://nagi.tw/en/articles/retail-work-sme-security-culture/,301,TRUE,FALSE,FALSE,FALSE
notes.nagi.tw/en/articles/retail-work-sme-security-culture/,https://nagi.tw/en/articles/retail-work-sme-security-culture/,301,TRUE,FALSE,FALSE,FALSE
notes.nagi.tw/en/articles/retail-work-sme-security-culture/index.html,https://nagi.tw/en/articles/retail-work-sme-security-culture/,301,TRUE,FALSE,FALSE,FALSE
notes.nagi.tw/en/articles/ten-years-from-now-dont-forget-who-you-are-now,https://nagi.tw/en/articles/ten-years-from-now-dont-forget-who-you-are-now/,301,TRUE,FALSE,FALSE,FALSE
notes.nagi.tw/en/articles/ten-years-from-now-dont-forget-who-you-are-now/,https://nagi.tw/en/articles/ten-years-from-now-dont-forget-who-you-are-now/,301,TRUE,FALSE,FALSE,FALSE
notes.nagi.tw/en/articles/ten-years-from-now-dont-forget-who-you-are-now/index.html,https://nagi.tw/en/articles/ten-years-from-now-dont-forget-who-you-are-now/,301,TRUE,FALSE,FALSE,FALSE
notes.nagi.tw/en/contact,https://nagi.tw/en/contact/,301,TRUE,FALSE,FALSE,FALSE
notes.nagi.tw/en/contact/,https://nagi.tw/en/contact/,301,TRUE,FALSE,FALSE,FALSE
notes.nagi.tw/en/contact/index.html,https://nagi.tw/en/contact/,301,TRUE,FALSE,FALSE,FALSE
notes.nagi.tw/en/experience,https://nagi.tw/en/experience/,301,TRUE,FALSE,FALSE,FALSE
notes.nagi.tw/en/experience/,https://nagi.tw/en/experience/,301,TRUE,FALSE,FALSE,FALSE
notes.nagi.tw/en/experience/index.html,https://nagi.tw/en/experience/,301,TRUE,FALSE,FALSE,FALSE
notes.nagi.tw/en/index.html,https://nagi.tw/en/,301,TRUE,FALSE,FALSE,FALSE
notes.nagi.tw/en/projects,https://nagi.tw/en/projects/,301,TRUE,FALSE,FALSE,FALSE
notes.nagi.tw/en/projects/,https://nagi.tw/en/projects/,301,TRUE,FALSE,FALSE,FALSE
notes.nagi.tw/en/projects/index.html,https://nagi.tw/en/projects/,301,TRUE,FALSE,FALSE,FALSE
notes.nagi.tw/en/research,https://nagi.tw/en/research/,301,TRUE,FALSE,FALSE,FALSE
notes.nagi.tw/en/research/,https://nagi.tw/en/research/,301,TRUE,FALSE,FALSE,FALSE
notes.nagi.tw/en/research/index.html,https://nagi.tw/en/research/,301,TRUE,FALSE,FALSE,FALSE
notes.nagi.tw/en/topics,https://nagi.tw/en/topics/,301,TRUE,FALSE,FALSE,FALSE
notes.nagi.tw/en/topics/,https://nagi.tw/en/topics/,301,TRUE,FALSE,FALSE,FALSE
notes.nagi.tw/en/topics/%E8%BF%91%E6%B3%81,https://nagi.tw/en/topics/%E8%BF%91%E6%B3%81/,301,TRUE,FALSE,FALSE,FALSE
notes.nagi.tw/en/topics/%E8%BF%91%E6%B3%81/,https://nagi.tw/en/topics/%E8%BF%91%E6%B3%81/,301,TRUE,FALSE,FALSE,FALSE
notes.nagi.tw/en/topics/%E8%BF%91%E6%B3%81/index.html,https://nagi.tw/en/topics/%E8%BF%91%E6%B3%81/,301,TRUE,FALSE,FALSE,FALSE
notes.nagi.tw/en/topics/2026-cybersecurity-conference,https://nagi.tw/en/topics/2026-cybersecurity-conference/,301,TRUE,FALSE,FALSE,FALSE
notes.nagi.tw/en/topics/2026-cybersecurity-conference/,https://nagi.tw/en/topics/2026-cybersecurity-conference/,301,TRUE,FALSE,FALSE,FALSE
notes.nagi.tw/en/topics/2026-cybersecurity-conference/index.html,https://nagi.tw/en/topics/2026-cybersecurity-conference/,301,TRUE,FALSE,FALSE,FALSE
notes.nagi.tw/en/topics/activities,https://nagi.tw/en/topics/activities/,301,TRUE,FALSE,FALSE,FALSE
notes.nagi.tw/en/topics/activities/,https://nagi.tw/en/topics/activities/,301,TRUE,FALSE,FALSE,FALSE
notes.nagi.tw/en/topics/activities/index.html,https://nagi.tw/en/topics/activities/,301,TRUE,FALSE,FALSE,FALSE
notes.nagi.tw/en/topics/ai,https://nagi.tw/en/topics/ai/,301,TRUE,FALSE,FALSE,FALSE
notes.nagi.tw/en/topics/ai-security,https://nagi.tw/en/topics/ai-security/,301,TRUE,FALSE,FALSE,FALSE
notes.nagi.tw/en/topics/ai-security/,https://nagi.tw/en/topics/ai-security/,301,TRUE,FALSE,FALSE,FALSE
notes.nagi.tw/en/topics/ai-security/index.html,https://nagi.tw/en/topics/ai-security/,301,TRUE,FALSE,FALSE,FALSE
notes.nagi.tw/en/topics/ai-soc,https://nagi.tw/en/topics/ai-soc/,301,TRUE,FALSE,FALSE,FALSE
notes.nagi.tw/en/topics/ai-soc/,https://nagi.tw/en/topics/ai-soc/,301,TRUE,FALSE,FALSE,FALSE
notes.nagi.tw/en/topics/ai-soc/index.html,https://nagi.tw/en/topics/ai-soc/,301,TRUE,FALSE,FALSE,FALSE
notes.nagi.tw/en/topics/ai/,https://nagi.tw/en/topics/ai/,301,TRUE,FALSE,FALSE,FALSE
notes.nagi.tw/en/topics/ai/index.html,https://nagi.tw/en/topics/ai/,301,TRUE,FALSE,FALSE,FALSE
notes.nagi.tw/en/topics/blue-team,https://nagi.tw/en/topics/blue-team/,301,TRUE,FALSE,FALSE,FALSE
notes.nagi.tw/en/topics/blue-team/,https://nagi.tw/en/topics/blue-team/,301,TRUE,FALSE,FALSE,FALSE
notes.nagi.tw/en/topics/blue-team/index.html,https://nagi.tw/en/topics/blue-team/,301,TRUE,FALSE,FALSE,FALSE
notes.nagi.tw/en/topics/career,https://nagi.tw/en/topics/career/,301,TRUE,FALSE,FALSE,FALSE
notes.nagi.tw/en/topics/career/,https://nagi.tw/en/topics/career/,301,TRUE,FALSE,FALSE,FALSE
notes.nagi.tw/en/topics/career/index.html,https://nagi.tw/en/topics/career/,301,TRUE,FALSE,FALSE,FALSE
notes.nagi.tw/en/topics/choices,https://nagi.tw/en/topics/choices/,301,TRUE,FALSE,FALSE,FALSE
notes.nagi.tw/en/topics/choices/,https://nagi.tw/en/topics/choices/,301,TRUE,FALSE,FALSE,FALSE
notes.nagi.tw/en/topics/choices/index.html,https://nagi.tw/en/topics/choices/,301,TRUE,FALSE,FALSE,FALSE
notes.nagi.tw/en/topics/competition,https://nagi.tw/en/topics/competition/,301,TRUE,FALSE,FALSE,FALSE
notes.nagi.tw/en/topics/competition/,https://nagi.tw/en/topics/competition/,301,TRUE,FALSE,FALSE,FALSE
notes.nagi.tw/en/topics/competition/index.html,https://nagi.tw/en/topics/competition/,301,TRUE,FALSE,FALSE,FALSE
notes.nagi.tw/en/topics/compliance,https://nagi.tw/en/topics/compliance/,301,TRUE,FALSE,FALSE,FALSE
notes.nagi.tw/en/topics/compliance/,https://nagi.tw/en/topics/compliance/,301,TRUE,FALSE,FALSE,FALSE
notes.nagi.tw/en/topics/compliance/index.html,https://nagi.tw/en/topics/compliance/,301,TRUE,FALSE,FALSE,FALSE
notes.nagi.tw/en/topics/ctf,https://nagi.tw/en/topics/ctf/,301,TRUE,FALSE,FALSE,FALSE
notes.nagi.tw/en/topics/ctf/,https://nagi.tw/en/topics/ctf/,301,TRUE,FALSE,FALSE,FALSE
notes.nagi.tw/en/topics/ctf/index.html,https://nagi.tw/en/topics/ctf/,301,TRUE,FALSE,FALSE,FALSE
notes.nagi.tw/en/topics/cybersec,https://nagi.tw/en/topics/cybersec/,301,TRUE,FALSE,FALSE,FALSE
notes.nagi.tw/en/topics/cybersec/,https://nagi.tw/en/topics/cybersec/,301,TRUE,FALSE,FALSE,FALSE
notes.nagi.tw/en/topics/cybersec/index.html,https://nagi.tw/en/topics/cybersec/,301,TRUE,FALSE,FALSE,FALSE
notes.nagi.tw/en/topics/cybersecurity,https://nagi.tw/en/topics/cybersecurity/,301,TRUE,FALSE,FALSE,FALSE
notes.nagi.tw/en/topics/cybersecurity/,https://nagi.tw/en/topics/cybersecurity/,301,TRUE,FALSE,FALSE,FALSE
notes.nagi.tw/en/topics/cybersecurity/index.html,https://nagi.tw/en/topics/cybersecurity/,301,TRUE,FALSE,FALSE,FALSE
notes.nagi.tw/en/topics/dfir,https://nagi.tw/en/topics/dfir/,301,TRUE,FALSE,FALSE,FALSE
notes.nagi.tw/en/topics/dfir/,https://nagi.tw/en/topics/dfir/,301,TRUE,FALSE,FALSE,FALSE
notes.nagi.tw/en/topics/dfir/index.html,https://nagi.tw/en/topics/dfir/,301,TRUE,FALSE,FALSE,FALSE
notes.nagi.tw/en/topics/edge-ai,https://nagi.tw/en/topics/edge-ai/,301,TRUE,FALSE,FALSE,FALSE
notes.nagi.tw/en/topics/edge-ai/,https://nagi.tw/en/topics/edge-ai/,301,TRUE,FALSE,FALSE,FALSE
notes.nagi.tw/en/topics/edge-ai/index.html,https://nagi.tw/en/topics/edge-ai/,301,TRUE,FALSE,FALSE,FALSE
notes.nagi.tw/en/topics/embedded,https://nagi.tw/en/topics/embedded/,301,TRUE,FALSE,FALSE,FALSE
notes.nagi.tw/en/topics/embedded/,https://nagi.tw/en/topics/embedded/,301,TRUE,FALSE,FALSE,FALSE
notes.nagi.tw/en/topics/embedded/index.html,https://nagi.tw/en/topics/embedded/,301,TRUE,FALSE,FALSE,FALSE
notes.nagi.tw/en/topics/engineering,https://nagi.tw/en/topics/engineering/,301,TRUE,FALSE,FALSE,FALSE
notes.nagi.tw/en/topics/engineering/,https://nagi.tw/en/topics/engineering/,301,TRUE,FALSE,FALSE,FALSE
notes.nagi.tw/en/topics/engineering/index.html,https://nagi.tw/en/topics/engineering/,301,TRUE,FALSE,FALSE,FALSE
notes.nagi.tw/en/topics/financial-security,https://nagi.tw/en/topics/financial-security/,301,TRUE,FALSE,FALSE,FALSE
notes.nagi.tw/en/topics/financial-security/,https://nagi.tw/en/topics/financial-security/,301,TRUE,FALSE,FALSE,FALSE
notes.nagi.tw/en/topics/financial-security/index.html,https://nagi.tw/en/topics/financial-security/,301,TRUE,FALSE,FALSE,FALSE
notes.nagi.tw/en/topics/frc,https://nagi.tw/en/topics/frc/,301,TRUE,FALSE,FALSE,FALSE
notes.nagi.tw/en/topics/frc/,https://nagi.tw/en/topics/frc/,301,TRUE,FALSE,FALSE,FALSE
notes.nagi.tw/en/topics/frc/index.html,https://nagi.tw/en/topics/frc/,301,TRUE,FALSE,FALSE,FALSE
notes.nagi.tw/en/topics/future,https://nagi.tw/en/topics/future/,301,TRUE,FALSE,FALSE,FALSE
notes.nagi.tw/en/topics/future/,https://nagi.tw/en/topics/future/,301,TRUE,FALSE,FALSE,FALSE
notes.nagi.tw/en/topics/future/index.html,https://nagi.tw/en/topics/future/,301,TRUE,FALSE,FALSE,FALSE
notes.nagi.tw/en/topics/growth,https://nagi.tw/en/topics/growth/,301,TRUE,FALSE,FALSE,FALSE
notes.nagi.tw/en/topics/growth/,https://nagi.tw/en/topics/growth/,301,TRUE,FALSE,FALSE,FALSE
notes.nagi.tw/en/topics/growth/index.html,https://nagi.tw/en/topics/growth/,301,TRUE,FALSE,FALSE,FALSE
notes.nagi.tw/en/topics/healthcare,https://nagi.tw/en/topics/healthcare/,301,TRUE,FALSE,FALSE,FALSE
notes.nagi.tw/en/topics/healthcare-medical-iot,https://nagi.tw/en/topics/healthcare-medical-iot/,301,TRUE,FALSE,FALSE,FALSE
notes.nagi.tw/en/topics/healthcare-medical-iot/,https://nagi.tw/en/topics/healthcare-medical-iot/,301,TRUE,FALSE,FALSE,FALSE
notes.nagi.tw/en/topics/healthcare-medical-iot/index.html,https://nagi.tw/en/topics/healthcare-medical-iot/,301,TRUE,FALSE,FALSE,FALSE
notes.nagi.tw/en/topics/healthcare/,https://nagi.tw/en/topics/healthcare/,301,TRUE,FALSE,FALSE,FALSE
notes.nagi.tw/en/topics/healthcare/index.html,https://nagi.tw/en/topics/healthcare/,301,TRUE,FALSE,FALSE,FALSE
notes.nagi.tw/en/topics/high-school-life,https://nagi.tw/en/topics/high-school-life/,301,TRUE,FALSE,FALSE,FALSE
notes.nagi.tw/en/topics/high-school-life/,https://nagi.tw/en/topics/high-school-life/,301,TRUE,FALSE,FALSE,FALSE
notes.nagi.tw/en/topics/high-school-life/index.html,https://nagi.tw/en/topics/high-school-life/,301,TRUE,FALSE,FALSE,FALSE
notes.nagi.tw/en/topics/homelab,https://nagi.tw/en/topics/homelab/,301,TRUE,FALSE,FALSE,FALSE
notes.nagi.tw/en/topics/homelab/,https://nagi.tw/en/topics/homelab/,301,TRUE,FALSE,FALSE,FALSE
notes.nagi.tw/en/topics/homelab/index.html,https://nagi.tw/en/topics/homelab/,301,TRUE,FALSE,FALSE,FALSE
notes.nagi.tw/en/topics/incident-response,https://nagi.tw/en/topics/incident-response/,301,TRUE,FALSE,FALSE,FALSE
notes.nagi.tw/en/topics/incident-response/,https://nagi.tw/en/topics/incident-response/,301,TRUE,FALSE,FALSE,FALSE
notes.nagi.tw/en/topics/incident-response/index.html,https://nagi.tw/en/topics/incident-response/,301,TRUE,FALSE,FALSE,FALSE
notes.nagi.tw/en/topics/index.html,https://nagi.tw/en/topics/,301,TRUE,FALSE,FALSE,FALSE
notes.nagi.tw/en/topics/infosec-taiwan,https://nagi.tw/en/topics/infosec-taiwan/,301,TRUE,FALSE,FALSE,FALSE
notes.nagi.tw/en/topics/infosec-taiwan/,https://nagi.tw/en/topics/infosec-taiwan/,301,TRUE,FALSE,FALSE,FALSE
notes.nagi.tw/en/topics/infosec-taiwan/index.html,https://nagi.tw/en/topics/infosec-taiwan/,301,TRUE,FALSE,FALSE,FALSE
notes.nagi.tw/en/topics/introduction,https://nagi.tw/en/topics/introduction/,301,TRUE,FALSE,FALSE,FALSE
notes.nagi.tw/en/topics/introduction/,https://nagi.tw/en/topics/introduction/,301,TRUE,FALSE,FALSE,FALSE
notes.nagi.tw/en/topics/introduction/index.html,https://nagi.tw/en/topics/introduction/,301,TRUE,FALSE,FALSE,FALSE
notes.nagi.tw/en/topics/journey,https://nagi.tw/en/topics/journey/,301,TRUE,FALSE,FALSE,FALSE
notes.nagi.tw/en/topics/journey/,https://nagi.tw/en/topics/journey/,301,TRUE,FALSE,FALSE,FALSE
notes.nagi.tw/en/topics/journey/index.html,https://nagi.tw/en/topics/journey/,301,TRUE,FALSE,FALSE,FALSE
notes.nagi.tw/en/topics/life,https://nagi.tw/en/topics/life/,301,TRUE,FALSE,FALSE,FALSE
notes.nagi.tw/en/topics/life/,https://nagi.tw/en/topics/life/,301,TRUE,FALSE,FALSE,FALSE
notes.nagi.tw/en/topics/life/index.html,https://nagi.tw/en/topics/life/,301,TRUE,FALSE,FALSE,FALSE
notes.nagi.tw/en/topics/malware-analysis,https://nagi.tw/en/topics/malware-analysis/,301,TRUE,FALSE,FALSE,FALSE
notes.nagi.tw/en/topics/malware-analysis/,https://nagi.tw/en/topics/malware-analysis/,301,TRUE,FALSE,FALSE,FALSE
notes.nagi.tw/en/topics/malware-analysis/index.html,https://nagi.tw/en/topics/malware-analysis/,301,TRUE,FALSE,FALSE,FALSE
notes.nagi.tw/en/topics/medical,https://nagi.tw/en/topics/medical/,301,TRUE,FALSE,FALSE,FALSE
notes.nagi.tw/en/topics/medical-cybersecurity,https://nagi.tw/en/topics/medical-cybersecurity/,301,TRUE,FALSE,FALSE,FALSE
notes.nagi.tw/en/topics/medical-cybersecurity/,https://nagi.tw/en/topics/medical-cybersecurity/,301,TRUE,FALSE,FALSE,FALSE
notes.nagi.tw/en/topics/medical-cybersecurity/index.html,https://nagi.tw/en/topics/medical-cybersecurity/,301,TRUE,FALSE,FALSE,FALSE
notes.nagi.tw/en/topics/medical/,https://nagi.tw/en/topics/medical/,301,TRUE,FALSE,FALSE,FALSE
notes.nagi.tw/en/topics/medical/index.html,https://nagi.tw/en/topics/medical/,301,TRUE,FALSE,FALSE,FALSE
notes.nagi.tw/en/topics/memories,https://nagi.tw/en/topics/memories/,301,TRUE,FALSE,FALSE,FALSE
notes.nagi.tw/en/topics/memories/,https://nagi.tw/en/topics/memories/,301,TRUE,FALSE,FALSE,FALSE
notes.nagi.tw/en/topics/memories/index.html,https://nagi.tw/en/topics/memories/,301,TRUE,FALSE,FALSE,FALSE
notes.nagi.tw/en/topics/my-story,https://nagi.tw/en/topics/my-story/,301,TRUE,FALSE,FALSE,FALSE
notes.nagi.tw/en/topics/my-story/,https://nagi.tw/en/topics/my-story/,301,TRUE,FALSE,FALSE,FALSE
notes.nagi.tw/en/topics/my-story/index.html,https://nagi.tw/en/topics/my-story/,301,TRUE,FALSE,FALSE,FALSE
notes.nagi.tw/en/topics/ot-security,https://nagi.tw/en/topics/ot-security/,301,TRUE,FALSE,FALSE,FALSE
notes.nagi.tw/en/topics/ot-security/,https://nagi.tw/en/topics/ot-security/,301,TRUE,FALSE,FALSE,FALSE
notes.nagi.tw/en/topics/ot-security/index.html,https://nagi.tw/en/topics/ot-security/,301,TRUE,FALSE,FALSE,FALSE
notes.nagi.tw/en/topics/personal,https://nagi.tw/en/topics/personal/,301,TRUE,FALSE,FALSE,FALSE
notes.nagi.tw/en/topics/personal/,https://nagi.tw/en/topics/personal/,301,TRUE,FALSE,FALSE,FALSE
notes.nagi.tw/en/topics/personal/index.html,https://nagi.tw/en/topics/personal/,301,TRUE,FALSE,FALSE,FALSE
notes.nagi.tw/en/topics/post-quantum-cryptography,https://nagi.tw/en/topics/post-quantum-cryptography/,301,TRUE,FALSE,FALSE,FALSE
notes.nagi.tw/en/topics/post-quantum-cryptography/,https://nagi.tw/en/topics/post-quantum-cryptography/,301,TRUE,FALSE,FALSE,FALSE
notes.nagi.tw/en/topics/post-quantum-cryptography/index.html,https://nagi.tw/en/topics/post-quantum-cryptography/,301,TRUE,FALSE,FALSE,FALSE
notes.nagi.tw/en/topics/projects,https://nagi.tw/en/topics/projects/,301,TRUE,FALSE,FALSE,FALSE
notes.nagi.tw/en/topics/projects/,https://nagi.tw/en/topics/projects/,301,TRUE,FALSE,FALSE,FALSE
notes.nagi.tw/en/topics/projects/index.html,https://nagi.tw/en/topics/projects/,301,TRUE,FALSE,FALSE,FALSE
notes.nagi.tw/en/topics/raspberry-pi,https://nagi.tw/en/topics/raspberry-pi/,301,TRUE,FALSE,FALSE,FALSE
notes.nagi.tw/en/topics/raspberry-pi/,https://nagi.tw/en/topics/raspberry-pi/,301,TRUE,FALSE,FALSE,FALSE
notes.nagi.tw/en/topics/raspberry-pi/index.html,https://nagi.tw/en/topics/raspberry-pi/,301,TRUE,FALSE,FALSE,FALSE
notes.nagi.tw/en/topics/reflection,https://nagi.tw/en/topics/reflection/,301,TRUE,FALSE,FALSE,FALSE
notes.nagi.tw/en/topics/reflection/,https://nagi.tw/en/topics/reflection/,301,TRUE,FALSE,FALSE,FALSE
notes.nagi.tw/en/topics/reflection/index.html,https://nagi.tw/en/topics/reflection/,301,TRUE,FALSE,FALSE,FALSE
notes.nagi.tw/en/topics/research,https://nagi.tw/en/topics/research/,301,TRUE,FALSE,FALSE,FALSE
notes.nagi.tw/en/topics/research/,https://nagi.tw/en/topics/research/,301,TRUE,FALSE,FALSE,FALSE
notes.nagi.tw/en/topics/research/index.html,https://nagi.tw/en/topics/research/,301,TRUE,FALSE,FALSE,FALSE
notes.nagi.tw/en/topics/responsible-security-culture,https://nagi.tw/en/topics/responsible-security-culture/,301,TRUE,FALSE,FALSE,FALSE
notes.nagi.tw/en/topics/responsible-security-culture/,https://nagi.tw/en/topics/responsible-security-culture/,301,TRUE,FALSE,FALSE,FALSE
notes.nagi.tw/en/topics/responsible-security-culture/index.html,https://nagi.tw/en/topics/responsible-security-culture/,301,TRUE,FALSE,FALSE,FALSE
notes.nagi.tw/en/topics/retail,https://nagi.tw/en/topics/retail/,301,TRUE,FALSE,FALSE,FALSE
notes.nagi.tw/en/topics/retail/,https://nagi.tw/en/topics/retail/,301,TRUE,FALSE,FALSE,FALSE
notes.nagi.tw/en/topics/retail/index.html,https://nagi.tw/en/topics/retail/,301,TRUE,FALSE,FALSE,FALSE
notes.nagi.tw/en/topics/robotics,https://nagi.tw/en/topics/robotics/,301,TRUE,FALSE,FALSE,FALSE
notes.nagi.tw/en/topics/robotics/,https://nagi.tw/en/topics/robotics/,301,TRUE,FALSE,FALSE,FALSE
notes.nagi.tw/en/topics/robotics/index.html,https://nagi.tw/en/topics/robotics/,301,TRUE,FALSE,FALSE,FALSE
notes.nagi.tw/en/topics/security,https://nagi.tw/en/topics/security/,301,TRUE,FALSE,FALSE,FALSE
notes.nagi.tw/en/topics/security-culture,https://nagi.tw/en/topics/security-culture/,301,TRUE,FALSE,FALSE,FALSE
notes.nagi.tw/en/topics/security-culture/,https://nagi.tw/en/topics/security-culture/,301,TRUE,FALSE,FALSE,FALSE
notes.nagi.tw/en/topics/security-culture/index.html,https://nagi.tw/en/topics/security-culture/,301,TRUE,FALSE,FALSE,FALSE
notes.nagi.tw/en/topics/security/,https://nagi.tw/en/topics/security/,301,TRUE,FALSE,FALSE,FALSE
notes.nagi.tw/en/topics/security/index.html,https://nagi.tw/en/topics/security/,301,TRUE,FALSE,FALSE,FALSE
notes.nagi.tw/en/topics/sme-security,https://nagi.tw/en/topics/sme-security/,301,TRUE,FALSE,FALSE,FALSE
notes.nagi.tw/en/topics/sme-security/,https://nagi.tw/en/topics/sme-security/,301,TRUE,FALSE,FALSE,FALSE
notes.nagi.tw/en/topics/sme-security/index.html,https://nagi.tw/en/topics/sme-security/,301,TRUE,FALSE,FALSE,FALSE
notes.nagi.tw/en/topics/soc,https://nagi.tw/en/topics/soc/,301,TRUE,FALSE,FALSE,FALSE
notes.nagi.tw/en/topics/soc/,https://nagi.tw/en/topics/soc/,301,TRUE,FALSE,FALSE,FALSE
notes.nagi.tw/en/topics/soc/index.html,https://nagi.tw/en/topics/soc/,301,TRUE,FALSE,FALSE,FALSE
notes.nagi.tw/en/topics/students,https://nagi.tw/en/topics/students/,301,TRUE,FALSE,FALSE,FALSE
notes.nagi.tw/en/topics/students/,https://nagi.tw/en/topics/students/,301,TRUE,FALSE,FALSE,FALSE
notes.nagi.tw/en/topics/students/index.html,https://nagi.tw/en/topics/students/,301,TRUE,FALSE,FALSE,FALSE
notes.nagi.tw/en/topics/systems,https://nagi.tw/en/topics/systems/,301,TRUE,FALSE,FALSE,FALSE
notes.nagi.tw/en/topics/systems/,https://nagi.tw/en/topics/systems/,301,TRUE,FALSE,FALSE,FALSE
notes.nagi.tw/en/topics/systems/index.html,https://nagi.tw/en/topics/systems/,301,TRUE,FALSE,FALSE,FALSE
notes.nagi.tw/en/topics/windows-forensics,https://nagi.tw/en/topics/windows-forensics/,301,TRUE,FALSE,FALSE,FALSE
notes.nagi.tw/en/topics/windows-forensics/,https://nagi.tw/en/topics/windows-forensics/,301,TRUE,FALSE,FALSE,FALSE
notes.nagi.tw/en/topics/windows-forensics/index.html,https://nagi.tw/en/topics/windows-forensics/,301,TRUE,FALSE,FALSE,FALSE
notes.nagi.tw/en/topics/windows-malware,https://nagi.tw/en/topics/windows-malware/,301,TRUE,FALSE,FALSE,FALSE
notes.nagi.tw/en/topics/windows-malware/,https://nagi.tw/en/topics/windows-malware/,301,TRUE,FALSE,FALSE,FALSE
notes.nagi.tw/en/topics/windows-malware/index.html,https://nagi.tw/en/topics/windows-malware/,301,TRUE,FALSE,FALSE,FALSE
notes.nagi.tw/en/topics/wireshark,https://nagi.tw/en/topics/wireshark/,301,TRUE,FALSE,FALSE,FALSE
notes.nagi.tw/en/topics/wireshark/,https://nagi.tw/en/topics/wireshark/,301,TRUE,FALSE,FALSE,FALSE
notes.nagi.tw/en/topics/wireshark/index.html,https://nagi.tw/en/topics/wireshark/,301,TRUE,FALSE,FALSE,FALSE
notes.nagi.tw/en/topics/zero-trust,https://nagi.tw/en/topics/zero-trust/,301,TRUE,FALSE,FALSE,FALSE
notes.nagi.tw/en/topics/zero-trust/,https://nagi.tw/en/topics/zero-trust/,301,TRUE,FALSE,FALSE,FALSE
notes.nagi.tw/en/topics/zero-trust/index.html,https://nagi.tw/en/topics/zero-trust/,301,TRUE,FALSE,FALSE,FALSE
notes.nagi.tw/experience,https://nagi.tw/experience/,301,TRUE,FALSE,FALSE,FALSE
notes.nagi.tw/experience/,https://nagi.tw/experience/,301,TRUE,FALSE,FALSE,FALSE
notes.nagi.tw/experience/index.html,https://nagi.tw/experience/,301,TRUE,FALSE,FALSE,FALSE
notes.nagi.tw/favicon.svg,https://nagi.tw/favicon.svg,301,TRUE,FALSE,FALSE,FALSE
notes.nagi.tw/index.html,https://nagi.tw/,301,TRUE,FALSE,FALSE,FALSE
notes.nagi.tw/ja,https://nagi.tw/ja/,301,TRUE,FALSE,FALSE,FALSE
notes.nagi.tw/ja/,https://nagi.tw/ja/,301,TRUE,FALSE,FALSE,FALSE
notes.nagi.tw/ja/about,https://nagi.tw/ja/about/,301,TRUE,FALSE,FALSE,FALSE
notes.nagi.tw/ja/about/,https://nagi.tw/ja/about/,301,TRUE,FALSE,FALSE,FALSE
notes.nagi.tw/ja/about/index.html,https://nagi.tw/ja/about/,301,TRUE,FALSE,FALSE,FALSE
notes.nagi.tw/ja/archive,https://nagi.tw/ja/archive/,301,TRUE,FALSE,FALSE,FALSE
notes.nagi.tw/ja/archive/,https://nagi.tw/ja/archive/,301,TRUE,FALSE,FALSE,FALSE
notes.nagi.tw/ja/archive/index.html,https://nagi.tw/ja/archive/,301,TRUE,FALSE,FALSE,FALSE
notes.nagi.tw/ja/articles,https://nagi.tw/ja/articles/,301,TRUE,FALSE,FALSE,FALSE
notes.nagi.tw/ja/articles/,https://nagi.tw/ja/articles/,301,TRUE,FALSE,FALSE,FALSE
notes.nagi.tw/ja/articles/2026-security-conference,https://nagi.tw/ja/articles/2026-security-conference/,301,TRUE,FALSE,FALSE,FALSE
notes.nagi.tw/ja/articles/2026-security-conference/,https://nagi.tw/ja/articles/2026-security-conference/,301,TRUE,FALSE,FALSE,FALSE
notes.nagi.tw/ja/articles/2026-security-conference/index.html,https://nagi.tw/ja/articles/2026-security-conference/,301,TRUE,FALSE,FALSE,FALSE
notes.nagi.tw/ja/articles/ctf-meets-malware-analysis-windows,https://nagi.tw/ja/articles/ctf-meets-malware-analysis-windows/,301,TRUE,FALSE,FALSE,FALSE
notes.nagi.tw/ja/articles/ctf-meets-malware-analysis-windows/,https://nagi.tw/ja/articles/ctf-meets-malware-analysis-windows/,301,TRUE,FALSE,FALSE,FALSE
notes.nagi.tw/ja/articles/ctf-meets-malware-analysis-windows/index.html,https://nagi.tw/ja/articles/ctf-meets-malware-analysis-windows/,301,TRUE,FALSE,FALSE,FALSE
notes.nagi.tw/ja/articles/first-hackathon-in-university,https://nagi.tw/ja/articles/first-hackathon-in-university/,301,TRUE,FALSE,FALSE,FALSE
notes.nagi.tw/ja/articles/first-hackathon-in-university/,https://nagi.tw/ja/articles/first-hackathon-in-university/,301,TRUE,FALSE,FALSE,FALSE
notes.nagi.tw/ja/articles/first-hackathon-in-university/index.html,https://nagi.tw/ja/articles/first-hackathon-in-university/,301,TRUE,FALSE,FALSE,FALSE
notes.nagi.tw/ja/articles/frc-engineering-team,https://nagi.tw/ja/articles/frc-engineering-team/,301,TRUE,FALSE,FALSE,FALSE
notes.nagi.tw/ja/articles/frc-engineering-team/,https://nagi.tw/ja/articles/frc-engineering-team/,301,TRUE,FALSE,FALSE,FALSE
notes.nagi.tw/ja/articles/frc-engineering-team/index.html,https://nagi.tw/ja/articles/frc-engineering-team/,301,TRUE,FALSE,FALSE,FALSE
notes.nagi.tw/ja/articles/index.html,https://nagi.tw/ja/articles/,301,TRUE,FALSE,FALSE,FALSE
notes.nagi.tw/ja/articles/infosec-taiwan-2026-student-industry-gap,https://nagi.tw/ja/articles/infosec-taiwan-2026-student-industry-gap/,301,TRUE,FALSE,FALSE,FALSE
notes.nagi.tw/ja/articles/infosec-taiwan-2026-student-industry-gap/,https://nagi.tw/ja/articles/infosec-taiwan-2026-student-industry-gap/,301,TRUE,FALSE,FALSE,FALSE
notes.nagi.tw/ja/articles/infosec-taiwan-2026-student-industry-gap/index.html,https://nagi.tw/ja/articles/infosec-taiwan-2026-student-industry-gap/,301,TRUE,FALSE,FALSE,FALSE
notes.nagi.tw/ja/articles/not-everyone-has-to-walk-the-same-road,https://nagi.tw/ja/articles/not-everyone-has-to-walk-the-same-road/,301,TRUE,FALSE,FALSE,FALSE
notes.nagi.tw/ja/articles/not-everyone-has-to-walk-the-same-road/,https://nagi.tw/ja/articles/not-everyone-has-to-walk-the-same-road/,301,TRUE,FALSE,FALSE,FALSE
notes.nagi.tw/ja/articles/not-everyone-has-to-walk-the-same-road/index.html,https://nagi.tw/ja/articles/not-everyone-has-to-walk-the-same-road/,301,TRUE,FALSE,FALSE,FALSE
notes.nagi.tw/ja/articles/nurse-made-me-rethink-medical-cybersecurity,https://nagi.tw/ja/articles/nurse-made-me-rethink-medical-cybersecurity/,301,TRUE,FALSE,FALSE,FALSE
notes.nagi.tw/ja/articles/nurse-made-me-rethink-medical-cybersecurity/,https://nagi.tw/ja/articles/nurse-made-me-rethink-medical-cybersecurity/,301,TRUE,FALSE,FALSE,FALSE
notes.nagi.tw/ja/articles/nurse-made-me-rethink-medical-cybersecurity/index.html,https://nagi.tw/ja/articles/nurse-made-me-rethink-medical-cybersecurity/,301,TRUE,FALSE,FALSE,FALSE
notes.nagi.tw/ja/articles/prologue-the-people-i-met-along-the-way,https://nagi.tw/ja/articles/prologue-the-people-i-met-along-the-way/,301,TRUE,FALSE,FALSE,FALSE
notes.nagi.tw/ja/articles/prologue-the-people-i-met-along-the-way/,https://nagi.tw/ja/articles/prologue-the-people-i-met-along-the-way/,301,TRUE,FALSE,FALSE,FALSE
notes.nagi.tw/ja/articles/prologue-the-people-i-met-along-the-way/index.html,https://nagi.tw/ja/articles/prologue-the-people-i-met-along-the-way/,301,TRUE,FALSE,FALSE,FALSE
notes.nagi.tw/ja/articles/recent-projects-and-life-update,https://nagi.tw/ja/articles/recent-projects-and-life-update/,301,TRUE,FALSE,FALSE,FALSE
notes.nagi.tw/ja/articles/recent-projects-and-life-update/,https://nagi.tw/ja/articles/recent-projects-and-life-update/,301,TRUE,FALSE,FALSE,FALSE
notes.nagi.tw/ja/articles/recent-projects-and-life-update/index.html,https://nagi.tw/ja/articles/recent-projects-and-life-update/,301,TRUE,FALSE,FALSE,FALSE
notes.nagi.tw/ja/articles/retail-work-sme-security-culture,https://nagi.tw/ja/articles/retail-work-sme-security-culture/,301,TRUE,FALSE,FALSE,FALSE
notes.nagi.tw/ja/articles/retail-work-sme-security-culture/,https://nagi.tw/ja/articles/retail-work-sme-security-culture/,301,TRUE,FALSE,FALSE,FALSE
notes.nagi.tw/ja/articles/retail-work-sme-security-culture/index.html,https://nagi.tw/ja/articles/retail-work-sme-security-culture/,301,TRUE,FALSE,FALSE,FALSE
notes.nagi.tw/ja/articles/ten-years-from-now-dont-forget-who-you-are-now,https://nagi.tw/ja/articles/ten-years-from-now-dont-forget-who-you-are-now/,301,TRUE,FALSE,FALSE,FALSE
notes.nagi.tw/ja/articles/ten-years-from-now-dont-forget-who-you-are-now/,https://nagi.tw/ja/articles/ten-years-from-now-dont-forget-who-you-are-now/,301,TRUE,FALSE,FALSE,FALSE
notes.nagi.tw/ja/articles/ten-years-from-now-dont-forget-who-you-are-now/index.html,https://nagi.tw/ja/articles/ten-years-from-now-dont-forget-who-you-are-now/,301,TRUE,FALSE,FALSE,FALSE
notes.nagi.tw/ja/contact,https://nagi.tw/ja/contact/,301,TRUE,FALSE,FALSE,FALSE
notes.nagi.tw/ja/contact/,https://nagi.tw/ja/contact/,301,TRUE,FALSE,FALSE,FALSE
notes.nagi.tw/ja/contact/index.html,https://nagi.tw/ja/contact/,301,TRUE,FALSE,FALSE,FALSE
notes.nagi.tw/ja/experience,https://nagi.tw/ja/experience/,301,TRUE,FALSE,FALSE,FALSE
notes.nagi.tw/ja/experience/,https://nagi.tw/ja/experience/,301,TRUE,FALSE,FALSE,FALSE
notes.nagi.tw/ja/experience/index.html,https://nagi.tw/ja/experience/,301,TRUE,FALSE,FALSE,FALSE
notes.nagi.tw/ja/index.html,https://nagi.tw/ja/,301,TRUE,FALSE,FALSE,FALSE
notes.nagi.tw/ja/projects,https://nagi.tw/ja/projects/,301,TRUE,FALSE,FALSE,FALSE
notes.nagi.tw/ja/projects/,https://nagi.tw/ja/projects/,301,TRUE,FALSE,FALSE,FALSE
notes.nagi.tw/ja/projects/index.html,https://nagi.tw/ja/projects/,301,TRUE,FALSE,FALSE,FALSE
notes.nagi.tw/ja/research,https://nagi.tw/ja/research/,301,TRUE,FALSE,FALSE,FALSE
notes.nagi.tw/ja/research/,https://nagi.tw/ja/research/,301,TRUE,FALSE,FALSE,FALSE
notes.nagi.tw/ja/research/index.html,https://nagi.tw/ja/research/,301,TRUE,FALSE,FALSE,FALSE
notes.nagi.tw/ja/topics,https://nagi.tw/ja/topics/,301,TRUE,FALSE,FALSE,FALSE
notes.nagi.tw/ja/topics/,https://nagi.tw/ja/topics/,301,TRUE,FALSE,FALSE,FALSE
notes.nagi.tw/ja/topics/%E8%BF%91%E6%B3%81,https://nagi.tw/ja/topics/%E8%BF%91%E6%B3%81/,301,TRUE,FALSE,FALSE,FALSE
notes.nagi.tw/ja/topics/%E8%BF%91%E6%B3%81/,https://nagi.tw/ja/topics/%E8%BF%91%E6%B3%81/,301,TRUE,FALSE,FALSE,FALSE
notes.nagi.tw/ja/topics/%E8%BF%91%E6%B3%81/index.html,https://nagi.tw/ja/topics/%E8%BF%91%E6%B3%81/,301,TRUE,FALSE,FALSE,FALSE
notes.nagi.tw/ja/topics/2026-cybersecurity-conference,https://nagi.tw/ja/topics/2026-cybersecurity-conference/,301,TRUE,FALSE,FALSE,FALSE
notes.nagi.tw/ja/topics/2026-cybersecurity-conference/,https://nagi.tw/ja/topics/2026-cybersecurity-conference/,301,TRUE,FALSE,FALSE,FALSE
notes.nagi.tw/ja/topics/2026-cybersecurity-conference/index.html,https://nagi.tw/ja/topics/2026-cybersecurity-conference/,301,TRUE,FALSE,FALSE,FALSE
notes.nagi.tw/ja/topics/activities,https://nagi.tw/ja/topics/activities/,301,TRUE,FALSE,FALSE,FALSE
notes.nagi.tw/ja/topics/activities/,https://nagi.tw/ja/topics/activities/,301,TRUE,FALSE,FALSE,FALSE
notes.nagi.tw/ja/topics/activities/index.html,https://nagi.tw/ja/topics/activities/,301,TRUE,FALSE,FALSE,FALSE
notes.nagi.tw/ja/topics/ai,https://nagi.tw/ja/topics/ai/,301,TRUE,FALSE,FALSE,FALSE
notes.nagi.tw/ja/topics/ai-security,https://nagi.tw/ja/topics/ai-security/,301,TRUE,FALSE,FALSE,FALSE
notes.nagi.tw/ja/topics/ai-security/,https://nagi.tw/ja/topics/ai-security/,301,TRUE,FALSE,FALSE,FALSE
notes.nagi.tw/ja/topics/ai-security/index.html,https://nagi.tw/ja/topics/ai-security/,301,TRUE,FALSE,FALSE,FALSE
notes.nagi.tw/ja/topics/ai-soc,https://nagi.tw/ja/topics/ai-soc/,301,TRUE,FALSE,FALSE,FALSE
notes.nagi.tw/ja/topics/ai-soc/,https://nagi.tw/ja/topics/ai-soc/,301,TRUE,FALSE,FALSE,FALSE
notes.nagi.tw/ja/topics/ai-soc/index.html,https://nagi.tw/ja/topics/ai-soc/,301,TRUE,FALSE,FALSE,FALSE
notes.nagi.tw/ja/topics/ai/,https://nagi.tw/ja/topics/ai/,301,TRUE,FALSE,FALSE,FALSE
notes.nagi.tw/ja/topics/ai/index.html,https://nagi.tw/ja/topics/ai/,301,TRUE,FALSE,FALSE,FALSE
notes.nagi.tw/ja/topics/blue-team,https://nagi.tw/ja/topics/blue-team/,301,TRUE,FALSE,FALSE,FALSE
notes.nagi.tw/ja/topics/blue-team/,https://nagi.tw/ja/topics/blue-team/,301,TRUE,FALSE,FALSE,FALSE
notes.nagi.tw/ja/topics/blue-team/index.html,https://nagi.tw/ja/topics/blue-team/,301,TRUE,FALSE,FALSE,FALSE
notes.nagi.tw/ja/topics/career,https://nagi.tw/ja/topics/career/,301,TRUE,FALSE,FALSE,FALSE
notes.nagi.tw/ja/topics/career/,https://nagi.tw/ja/topics/career/,301,TRUE,FALSE,FALSE,FALSE
notes.nagi.tw/ja/topics/career/index.html,https://nagi.tw/ja/topics/career/,301,TRUE,FALSE,FALSE,FALSE
notes.nagi.tw/ja/topics/choices,https://nagi.tw/ja/topics/choices/,301,TRUE,FALSE,FALSE,FALSE
notes.nagi.tw/ja/topics/choices/,https://nagi.tw/ja/topics/choices/,301,TRUE,FALSE,FALSE,FALSE
notes.nagi.tw/ja/topics/choices/index.html,https://nagi.tw/ja/topics/choices/,301,TRUE,FALSE,FALSE,FALSE
notes.nagi.tw/ja/topics/competition,https://nagi.tw/ja/topics/competition/,301,TRUE,FALSE,FALSE,FALSE
notes.nagi.tw/ja/topics/competition/,https://nagi.tw/ja/topics/competition/,301,TRUE,FALSE,FALSE,FALSE
notes.nagi.tw/ja/topics/competition/index.html,https://nagi.tw/ja/topics/competition/,301,TRUE,FALSE,FALSE,FALSE
notes.nagi.tw/ja/topics/compliance,https://nagi.tw/ja/topics/compliance/,301,TRUE,FALSE,FALSE,FALSE
notes.nagi.tw/ja/topics/compliance/,https://nagi.tw/ja/topics/compliance/,301,TRUE,FALSE,FALSE,FALSE
notes.nagi.tw/ja/topics/compliance/index.html,https://nagi.tw/ja/topics/compliance/,301,TRUE,FALSE,FALSE,FALSE
notes.nagi.tw/ja/topics/ctf,https://nagi.tw/ja/topics/ctf/,301,TRUE,FALSE,FALSE,FALSE
notes.nagi.tw/ja/topics/ctf/,https://nagi.tw/ja/topics/ctf/,301,TRUE,FALSE,FALSE,FALSE
notes.nagi.tw/ja/topics/ctf/index.html,https://nagi.tw/ja/topics/ctf/,301,TRUE,FALSE,FALSE,FALSE
notes.nagi.tw/ja/topics/cybersec,https://nagi.tw/ja/topics/cybersec/,301,TRUE,FALSE,FALSE,FALSE
notes.nagi.tw/ja/topics/cybersec/,https://nagi.tw/ja/topics/cybersec/,301,TRUE,FALSE,FALSE,FALSE
notes.nagi.tw/ja/topics/cybersec/index.html,https://nagi.tw/ja/topics/cybersec/,301,TRUE,FALSE,FALSE,FALSE
notes.nagi.tw/ja/topics/cybersecurity,https://nagi.tw/ja/topics/cybersecurity/,301,TRUE,FALSE,FALSE,FALSE
notes.nagi.tw/ja/topics/cybersecurity/,https://nagi.tw/ja/topics/cybersecurity/,301,TRUE,FALSE,FALSE,FALSE
notes.nagi.tw/ja/topics/cybersecurity/index.html,https://nagi.tw/ja/topics/cybersecurity/,301,TRUE,FALSE,FALSE,FALSE
notes.nagi.tw/ja/topics/dfir,https://nagi.tw/ja/topics/dfir/,301,TRUE,FALSE,FALSE,FALSE
notes.nagi.tw/ja/topics/dfir/,https://nagi.tw/ja/topics/dfir/,301,TRUE,FALSE,FALSE,FALSE
notes.nagi.tw/ja/topics/dfir/index.html,https://nagi.tw/ja/topics/dfir/,301,TRUE,FALSE,FALSE,FALSE
notes.nagi.tw/ja/topics/edge-ai,https://nagi.tw/ja/topics/edge-ai/,301,TRUE,FALSE,FALSE,FALSE
notes.nagi.tw/ja/topics/edge-ai/,https://nagi.tw/ja/topics/edge-ai/,301,TRUE,FALSE,FALSE,FALSE
notes.nagi.tw/ja/topics/edge-ai/index.html,https://nagi.tw/ja/topics/edge-ai/,301,TRUE,FALSE,FALSE,FALSE
notes.nagi.tw/ja/topics/embedded,https://nagi.tw/ja/topics/embedded/,301,TRUE,FALSE,FALSE,FALSE
notes.nagi.tw/ja/topics/embedded/,https://nagi.tw/ja/topics/embedded/,301,TRUE,FALSE,FALSE,FALSE
notes.nagi.tw/ja/topics/embedded/index.html,https://nagi.tw/ja/topics/embedded/,301,TRUE,FALSE,FALSE,FALSE
notes.nagi.tw/ja/topics/engineering,https://nagi.tw/ja/topics/engineering/,301,TRUE,FALSE,FALSE,FALSE
notes.nagi.tw/ja/topics/engineering/,https://nagi.tw/ja/topics/engineering/,301,TRUE,FALSE,FALSE,FALSE
notes.nagi.tw/ja/topics/engineering/index.html,https://nagi.tw/ja/topics/engineering/,301,TRUE,FALSE,FALSE,FALSE
notes.nagi.tw/ja/topics/financial-security,https://nagi.tw/ja/topics/financial-security/,301,TRUE,FALSE,FALSE,FALSE
notes.nagi.tw/ja/topics/financial-security/,https://nagi.tw/ja/topics/financial-security/,301,TRUE,FALSE,FALSE,FALSE
notes.nagi.tw/ja/topics/financial-security/index.html,https://nagi.tw/ja/topics/financial-security/,301,TRUE,FALSE,FALSE,FALSE
notes.nagi.tw/ja/topics/frc,https://nagi.tw/ja/topics/frc/,301,TRUE,FALSE,FALSE,FALSE
notes.nagi.tw/ja/topics/frc/,https://nagi.tw/ja/topics/frc/,301,TRUE,FALSE,FALSE,FALSE
notes.nagi.tw/ja/topics/frc/index.html,https://nagi.tw/ja/topics/frc/,301,TRUE,FALSE,FALSE,FALSE
notes.nagi.tw/ja/topics/future,https://nagi.tw/ja/topics/future/,301,TRUE,FALSE,FALSE,FALSE
notes.nagi.tw/ja/topics/future/,https://nagi.tw/ja/topics/future/,301,TRUE,FALSE,FALSE,FALSE
notes.nagi.tw/ja/topics/future/index.html,https://nagi.tw/ja/topics/future/,301,TRUE,FALSE,FALSE,FALSE
notes.nagi.tw/ja/topics/growth,https://nagi.tw/ja/topics/growth/,301,TRUE,FALSE,FALSE,FALSE
notes.nagi.tw/ja/topics/growth/,https://nagi.tw/ja/topics/growth/,301,TRUE,FALSE,FALSE,FALSE
notes.nagi.tw/ja/topics/growth/index.html,https://nagi.tw/ja/topics/growth/,301,TRUE,FALSE,FALSE,FALSE
notes.nagi.tw/ja/topics/healthcare,https://nagi.tw/ja/topics/healthcare/,301,TRUE,FALSE,FALSE,FALSE
notes.nagi.tw/ja/topics/healthcare-medical-iot,https://nagi.tw/ja/topics/healthcare-medical-iot/,301,TRUE,FALSE,FALSE,FALSE
notes.nagi.tw/ja/topics/healthcare-medical-iot/,https://nagi.tw/ja/topics/healthcare-medical-iot/,301,TRUE,FALSE,FALSE,FALSE
notes.nagi.tw/ja/topics/healthcare-medical-iot/index.html,https://nagi.tw/ja/topics/healthcare-medical-iot/,301,TRUE,FALSE,FALSE,FALSE
notes.nagi.tw/ja/topics/healthcare/,https://nagi.tw/ja/topics/healthcare/,301,TRUE,FALSE,FALSE,FALSE
notes.nagi.tw/ja/topics/healthcare/index.html,https://nagi.tw/ja/topics/healthcare/,301,TRUE,FALSE,FALSE,FALSE
notes.nagi.tw/ja/topics/high-school-life,https://nagi.tw/ja/topics/high-school-life/,301,TRUE,FALSE,FALSE,FALSE
notes.nagi.tw/ja/topics/high-school-life/,https://nagi.tw/ja/topics/high-school-life/,301,TRUE,FALSE,FALSE,FALSE
notes.nagi.tw/ja/topics/high-school-life/index.html,https://nagi.tw/ja/topics/high-school-life/,301,TRUE,FALSE,FALSE,FALSE
notes.nagi.tw/ja/topics/homelab,https://nagi.tw/ja/topics/homelab/,301,TRUE,FALSE,FALSE,FALSE
notes.nagi.tw/ja/topics/homelab/,https://nagi.tw/ja/topics/homelab/,301,TRUE,FALSE,FALSE,FALSE
notes.nagi.tw/ja/topics/homelab/index.html,https://nagi.tw/ja/topics/homelab/,301,TRUE,FALSE,FALSE,FALSE
notes.nagi.tw/ja/topics/incident-response,https://nagi.tw/ja/topics/incident-response/,301,TRUE,FALSE,FALSE,FALSE
notes.nagi.tw/ja/topics/incident-response/,https://nagi.tw/ja/topics/incident-response/,301,TRUE,FALSE,FALSE,FALSE
notes.nagi.tw/ja/topics/incident-response/index.html,https://nagi.tw/ja/topics/incident-response/,301,TRUE,FALSE,FALSE,FALSE
notes.nagi.tw/ja/topics/index.html,https://nagi.tw/ja/topics/,301,TRUE,FALSE,FALSE,FALSE
notes.nagi.tw/ja/topics/infosec-taiwan,https://nagi.tw/ja/topics/infosec-taiwan/,301,TRUE,FALSE,FALSE,FALSE
notes.nagi.tw/ja/topics/infosec-taiwan/,https://nagi.tw/ja/topics/infosec-taiwan/,301,TRUE,FALSE,FALSE,FALSE
notes.nagi.tw/ja/topics/infosec-taiwan/index.html,https://nagi.tw/ja/topics/infosec-taiwan/,301,TRUE,FALSE,FALSE,FALSE
notes.nagi.tw/ja/topics/introduction,https://nagi.tw/ja/topics/introduction/,301,TRUE,FALSE,FALSE,FALSE
notes.nagi.tw/ja/topics/introduction/,https://nagi.tw/ja/topics/introduction/,301,TRUE,FALSE,FALSE,FALSE
notes.nagi.tw/ja/topics/introduction/index.html,https://nagi.tw/ja/topics/introduction/,301,TRUE,FALSE,FALSE,FALSE
notes.nagi.tw/ja/topics/journey,https://nagi.tw/ja/topics/journey/,301,TRUE,FALSE,FALSE,FALSE
notes.nagi.tw/ja/topics/journey/,https://nagi.tw/ja/topics/journey/,301,TRUE,FALSE,FALSE,FALSE
notes.nagi.tw/ja/topics/journey/index.html,https://nagi.tw/ja/topics/journey/,301,TRUE,FALSE,FALSE,FALSE
notes.nagi.tw/ja/topics/life,https://nagi.tw/ja/topics/life/,301,TRUE,FALSE,FALSE,FALSE
notes.nagi.tw/ja/topics/life/,https://nagi.tw/ja/topics/life/,301,TRUE,FALSE,FALSE,FALSE
notes.nagi.tw/ja/topics/life/index.html,https://nagi.tw/ja/topics/life/,301,TRUE,FALSE,FALSE,FALSE
notes.nagi.tw/ja/topics/malware-analysis,https://nagi.tw/ja/topics/malware-analysis/,301,TRUE,FALSE,FALSE,FALSE
notes.nagi.tw/ja/topics/malware-analysis/,https://nagi.tw/ja/topics/malware-analysis/,301,TRUE,FALSE,FALSE,FALSE
notes.nagi.tw/ja/topics/malware-analysis/index.html,https://nagi.tw/ja/topics/malware-analysis/,301,TRUE,FALSE,FALSE,FALSE
notes.nagi.tw/ja/topics/medical,https://nagi.tw/ja/topics/medical/,301,TRUE,FALSE,FALSE,FALSE
notes.nagi.tw/ja/topics/medical-cybersecurity,https://nagi.tw/ja/topics/medical-cybersecurity/,301,TRUE,FALSE,FALSE,FALSE
notes.nagi.tw/ja/topics/medical-cybersecurity/,https://nagi.tw/ja/topics/medical-cybersecurity/,301,TRUE,FALSE,FALSE,FALSE
notes.nagi.tw/ja/topics/medical-cybersecurity/index.html,https://nagi.tw/ja/topics/medical-cybersecurity/,301,TRUE,FALSE,FALSE,FALSE
notes.nagi.tw/ja/topics/medical/,https://nagi.tw/ja/topics/medical/,301,TRUE,FALSE,FALSE,FALSE
notes.nagi.tw/ja/topics/medical/index.html,https://nagi.tw/ja/topics/medical/,301,TRUE,FALSE,FALSE,FALSE
notes.nagi.tw/ja/topics/memories,https://nagi.tw/ja/topics/memories/,301,TRUE,FALSE,FALSE,FALSE
notes.nagi.tw/ja/topics/memories/,https://nagi.tw/ja/topics/memories/,301,TRUE,FALSE,FALSE,FALSE
notes.nagi.tw/ja/topics/memories/index.html,https://nagi.tw/ja/topics/memories/,301,TRUE,FALSE,FALSE,FALSE
notes.nagi.tw/ja/topics/my-story,https://nagi.tw/ja/topics/my-story/,301,TRUE,FALSE,FALSE,FALSE
notes.nagi.tw/ja/topics/my-story/,https://nagi.tw/ja/topics/my-story/,301,TRUE,FALSE,FALSE,FALSE
notes.nagi.tw/ja/topics/my-story/index.html,https://nagi.tw/ja/topics/my-story/,301,TRUE,FALSE,FALSE,FALSE
notes.nagi.tw/ja/topics/ot-security,https://nagi.tw/ja/topics/ot-security/,301,TRUE,FALSE,FALSE,FALSE
notes.nagi.tw/ja/topics/ot-security/,https://nagi.tw/ja/topics/ot-security/,301,TRUE,FALSE,FALSE,FALSE
notes.nagi.tw/ja/topics/ot-security/index.html,https://nagi.tw/ja/topics/ot-security/,301,TRUE,FALSE,FALSE,FALSE
notes.nagi.tw/ja/topics/personal,https://nagi.tw/ja/topics/personal/,301,TRUE,FALSE,FALSE,FALSE
notes.nagi.tw/ja/topics/personal/,https://nagi.tw/ja/topics/personal/,301,TRUE,FALSE,FALSE,FALSE
notes.nagi.tw/ja/topics/personal/index.html,https://nagi.tw/ja/topics/personal/,301,TRUE,FALSE,FALSE,FALSE
notes.nagi.tw/ja/topics/post-quantum-cryptography,https://nagi.tw/ja/topics/post-quantum-cryptography/,301,TRUE,FALSE,FALSE,FALSE
notes.nagi.tw/ja/topics/post-quantum-cryptography/,https://nagi.tw/ja/topics/post-quantum-cryptography/,301,TRUE,FALSE,FALSE,FALSE
notes.nagi.tw/ja/topics/post-quantum-cryptography/index.html,https://nagi.tw/ja/topics/post-quantum-cryptography/,301,TRUE,FALSE,FALSE,FALSE
notes.nagi.tw/ja/topics/projects,https://nagi.tw/ja/topics/projects/,301,TRUE,FALSE,FALSE,FALSE
notes.nagi.tw/ja/topics/projects/,https://nagi.tw/ja/topics/projects/,301,TRUE,FALSE,FALSE,FALSE
notes.nagi.tw/ja/topics/projects/index.html,https://nagi.tw/ja/topics/projects/,301,TRUE,FALSE,FALSE,FALSE
notes.nagi.tw/ja/topics/raspberry-pi,https://nagi.tw/ja/topics/raspberry-pi/,301,TRUE,FALSE,FALSE,FALSE
notes.nagi.tw/ja/topics/raspberry-pi/,https://nagi.tw/ja/topics/raspberry-pi/,301,TRUE,FALSE,FALSE,FALSE
notes.nagi.tw/ja/topics/raspberry-pi/index.html,https://nagi.tw/ja/topics/raspberry-pi/,301,TRUE,FALSE,FALSE,FALSE
notes.nagi.tw/ja/topics/reflection,https://nagi.tw/ja/topics/reflection/,301,TRUE,FALSE,FALSE,FALSE
notes.nagi.tw/ja/topics/reflection/,https://nagi.tw/ja/topics/reflection/,301,TRUE,FALSE,FALSE,FALSE
notes.nagi.tw/ja/topics/reflection/index.html,https://nagi.tw/ja/topics/reflection/,301,TRUE,FALSE,FALSE,FALSE
notes.nagi.tw/ja/topics/research,https://nagi.tw/ja/topics/research/,301,TRUE,FALSE,FALSE,FALSE
notes.nagi.tw/ja/topics/research/,https://nagi.tw/ja/topics/research/,301,TRUE,FALSE,FALSE,FALSE
notes.nagi.tw/ja/topics/research/index.html,https://nagi.tw/ja/topics/research/,301,TRUE,FALSE,FALSE,FALSE
notes.nagi.tw/ja/topics/responsible-security-culture,https://nagi.tw/ja/topics/responsible-security-culture/,301,TRUE,FALSE,FALSE,FALSE
notes.nagi.tw/ja/topics/responsible-security-culture/,https://nagi.tw/ja/topics/responsible-security-culture/,301,TRUE,FALSE,FALSE,FALSE
notes.nagi.tw/ja/topics/responsible-security-culture/index.html,https://nagi.tw/ja/topics/responsible-security-culture/,301,TRUE,FALSE,FALSE,FALSE
notes.nagi.tw/ja/topics/retail,https://nagi.tw/ja/topics/retail/,301,TRUE,FALSE,FALSE,FALSE
notes.nagi.tw/ja/topics/retail/,https://nagi.tw/ja/topics/retail/,301,TRUE,FALSE,FALSE,FALSE
notes.nagi.tw/ja/topics/retail/index.html,https://nagi.tw/ja/topics/retail/,301,TRUE,FALSE,FALSE,FALSE
notes.nagi.tw/ja/topics/robotics,https://nagi.tw/ja/topics/robotics/,301,TRUE,FALSE,FALSE,FALSE
notes.nagi.tw/ja/topics/robotics/,https://nagi.tw/ja/topics/robotics/,301,TRUE,FALSE,FALSE,FALSE
notes.nagi.tw/ja/topics/robotics/index.html,https://nagi.tw/ja/topics/robotics/,301,TRUE,FALSE,FALSE,FALSE
notes.nagi.tw/ja/topics/security,https://nagi.tw/ja/topics/security/,301,TRUE,FALSE,FALSE,FALSE
notes.nagi.tw/ja/topics/security-culture,https://nagi.tw/ja/topics/security-culture/,301,TRUE,FALSE,FALSE,FALSE
notes.nagi.tw/ja/topics/security-culture/,https://nagi.tw/ja/topics/security-culture/,301,TRUE,FALSE,FALSE,FALSE
notes.nagi.tw/ja/topics/security-culture/index.html,https://nagi.tw/ja/topics/security-culture/,301,TRUE,FALSE,FALSE,FALSE
notes.nagi.tw/ja/topics/security/,https://nagi.tw/ja/topics/security/,301,TRUE,FALSE,FALSE,FALSE
notes.nagi.tw/ja/topics/security/index.html,https://nagi.tw/ja/topics/security/,301,TRUE,FALSE,FALSE,FALSE
notes.nagi.tw/ja/topics/sme-security,https://nagi.tw/ja/topics/sme-security/,301,TRUE,FALSE,FALSE,FALSE
notes.nagi.tw/ja/topics/sme-security/,https://nagi.tw/ja/topics/sme-security/,301,TRUE,FALSE,FALSE,FALSE
notes.nagi.tw/ja/topics/sme-security/index.html,https://nagi.tw/ja/topics/sme-security/,301,TRUE,FALSE,FALSE,FALSE
notes.nagi.tw/ja/topics/soc,https://nagi.tw/ja/topics/soc/,301,TRUE,FALSE,FALSE,FALSE
notes.nagi.tw/ja/topics/soc/,https://nagi.tw/ja/topics/soc/,301,TRUE,FALSE,FALSE,FALSE
notes.nagi.tw/ja/topics/soc/index.html,https://nagi.tw/ja/topics/soc/,301,TRUE,FALSE,FALSE,FALSE
notes.nagi.tw/ja/topics/students,https://nagi.tw/ja/topics/students/,301,TRUE,FALSE,FALSE,FALSE
notes.nagi.tw/ja/topics/students/,https://nagi.tw/ja/topics/students/,301,TRUE,FALSE,FALSE,FALSE
notes.nagi.tw/ja/topics/students/index.html,https://nagi.tw/ja/topics/students/,301,TRUE,FALSE,FALSE,FALSE
notes.nagi.tw/ja/topics/systems,https://nagi.tw/ja/topics/systems/,301,TRUE,FALSE,FALSE,FALSE
notes.nagi.tw/ja/topics/systems/,https://nagi.tw/ja/topics/systems/,301,TRUE,FALSE,FALSE,FALSE
notes.nagi.tw/ja/topics/systems/index.html,https://nagi.tw/ja/topics/systems/,301,TRUE,FALSE,FALSE,FALSE
notes.nagi.tw/ja/topics/windows-forensics,https://nagi.tw/ja/topics/windows-forensics/,301,TRUE,FALSE,FALSE,FALSE
notes.nagi.tw/ja/topics/windows-forensics/,https://nagi.tw/ja/topics/windows-forensics/,301,TRUE,FALSE,FALSE,FALSE
notes.nagi.tw/ja/topics/windows-forensics/index.html,https://nagi.tw/ja/topics/windows-forensics/,301,TRUE,FALSE,FALSE,FALSE
notes.nagi.tw/ja/topics/windows-malware,https://nagi.tw/ja/topics/windows-malware/,301,TRUE,FALSE,FALSE,FALSE
notes.nagi.tw/ja/topics/windows-malware/,https://nagi.tw/ja/topics/windows-malware/,301,TRUE,FALSE,FALSE,FALSE
notes.nagi.tw/ja/topics/windows-malware/index.html,https://nagi.tw/ja/topics/windows-malware/,301,TRUE,FALSE,FALSE,FALSE
notes.nagi.tw/ja/topics/wireshark,https://nagi.tw/ja/topics/wireshark/,301,TRUE,FALSE,FALSE,FALSE
notes.nagi.tw/ja/topics/wireshark/,https://nagi.tw/ja/topics/wireshark/,301,TRUE,FALSE,FALSE,FALSE
notes.nagi.tw/ja/topics/wireshark/index.html,https://nagi.tw/ja/topics/wireshark/,301,TRUE,FALSE,FALSE,FALSE
notes.nagi.tw/ja/topics/zero-trust,https://nagi.tw/ja/topics/zero-trust/,301,TRUE,FALSE,FALSE,FALSE
notes.nagi.tw/ja/topics/zero-trust/,https://nagi.tw/ja/topics/zero-trust/,301,TRUE,FALSE,FALSE,FALSE
notes.nagi.tw/ja/topics/zero-trust/index.html,https://nagi.tw/ja/topics/zero-trust/,301,TRUE,FALSE,FALSE,FALSE
notes.nagi.tw/nagi-penguin.svg,https://nagi.tw/nagi-penguin.svg,301,TRUE,FALSE,FALSE,FALSE
notes.nagi.tw/projects,https://nagi.tw/projects/,301,TRUE,FALSE,FALSE,FALSE
notes.nagi.tw/projects/,https://nagi.tw/projects/,301,TRUE,FALSE,FALSE,FALSE
notes.nagi.tw/projects/index.html,https://nagi.tw/projects/,301,TRUE,FALSE,FALSE,FALSE
notes.nagi.tw/research,https://nagi.tw/research/,301,TRUE,FALSE,FALSE,FALSE
notes.nagi.tw/research/,https://nagi.tw/research/,301,TRUE,FALSE,FALSE,FALSE
notes.nagi.tw/research/index.html,https://nagi.tw/research/,301,TRUE,FALSE,FALSE,FALSE
notes.nagi.tw/robots.txt,https://nagi.tw/robots.txt,301,TRUE,FALSE,FALSE,FALSE
notes.nagi.tw/rss.xml,https://nagi.tw/rss.xml,301,TRUE,FALSE,FALSE,FALSE
notes.nagi.tw/search-index.json,https://nagi.tw/search-index.json,301,TRUE,FALSE,FALSE,FALSE
notes.nagi.tw/sitemap-0.xml,https://nagi.tw/sitemap-0.xml,301,TRUE,FALSE,FALSE,FALSE
notes.nagi.tw/sitemap-index.xml,https://nagi.tw/sitemap-index.xml,301,TRUE,FALSE,FALSE,FALSE
notes.nagi.tw/topics,https://nagi.tw/topics/,301,TRUE,FALSE,FALSE,FALSE
notes.nagi.tw/topics/,https://nagi.tw/topics/,301,TRUE,FALSE,FALSE,FALSE
notes.nagi.tw/topics/%E8%BF%91%E6%B3%81,https://nagi.tw/topics/%E8%BF%91%E6%B3%81/,301,TRUE,FALSE,FALSE,FALSE
notes.nagi.tw/topics/%E8%BF%91%E6%B3%81/,https://nagi.tw/topics/%E8%BF%91%E6%B3%81/,301,TRUE,FALSE,FALSE,FALSE
notes.nagi.tw/topics/%E8%BF%91%E6%B3%81/index.html,https://nagi.tw/topics/%E8%BF%91%E6%B3%81/,301,TRUE,FALSE,FALSE,FALSE
notes.nagi.tw/topics/2026-cybersecurity-conference,https://nagi.tw/topics/2026-cybersecurity-conference/,301,TRUE,FALSE,FALSE,FALSE
notes.nagi.tw/topics/2026-cybersecurity-conference/,https://nagi.tw/topics/2026-cybersecurity-conference/,301,TRUE,FALSE,FALSE,FALSE
notes.nagi.tw/topics/2026-cybersecurity-conference/index.html,https://nagi.tw/topics/2026-cybersecurity-conference/,301,TRUE,FALSE,FALSE,FALSE
notes.nagi.tw/topics/activities,https://nagi.tw/topics/activities/,301,TRUE,FALSE,FALSE,FALSE
notes.nagi.tw/topics/activities/,https://nagi.tw/topics/activities/,301,TRUE,FALSE,FALSE,FALSE
notes.nagi.tw/topics/activities/index.html,https://nagi.tw/topics/activities/,301,TRUE,FALSE,FALSE,FALSE
notes.nagi.tw/topics/ai,https://nagi.tw/topics/ai/,301,TRUE,FALSE,FALSE,FALSE
notes.nagi.tw/topics/ai-security,https://nagi.tw/topics/ai-security/,301,TRUE,FALSE,FALSE,FALSE
notes.nagi.tw/topics/ai-security/,https://nagi.tw/topics/ai-security/,301,TRUE,FALSE,FALSE,FALSE
notes.nagi.tw/topics/ai-security/index.html,https://nagi.tw/topics/ai-security/,301,TRUE,FALSE,FALSE,FALSE
notes.nagi.tw/topics/ai-soc,https://nagi.tw/topics/ai-soc/,301,TRUE,FALSE,FALSE,FALSE
notes.nagi.tw/topics/ai-soc/,https://nagi.tw/topics/ai-soc/,301,TRUE,FALSE,FALSE,FALSE
notes.nagi.tw/topics/ai-soc/index.html,https://nagi.tw/topics/ai-soc/,301,TRUE,FALSE,FALSE,FALSE
notes.nagi.tw/topics/ai/,https://nagi.tw/topics/ai/,301,TRUE,FALSE,FALSE,FALSE
notes.nagi.tw/topics/ai/index.html,https://nagi.tw/topics/ai/,301,TRUE,FALSE,FALSE,FALSE
notes.nagi.tw/topics/blue-team,https://nagi.tw/topics/blue-team/,301,TRUE,FALSE,FALSE,FALSE
notes.nagi.tw/topics/blue-team/,https://nagi.tw/topics/blue-team/,301,TRUE,FALSE,FALSE,FALSE
notes.nagi.tw/topics/blue-team/index.html,https://nagi.tw/topics/blue-team/,301,TRUE,FALSE,FALSE,FALSE
notes.nagi.tw/topics/career,https://nagi.tw/topics/career/,301,TRUE,FALSE,FALSE,FALSE
notes.nagi.tw/topics/career/,https://nagi.tw/topics/career/,301,TRUE,FALSE,FALSE,FALSE
notes.nagi.tw/topics/career/index.html,https://nagi.tw/topics/career/,301,TRUE,FALSE,FALSE,FALSE
notes.nagi.tw/topics/choices,https://nagi.tw/topics/choices/,301,TRUE,FALSE,FALSE,FALSE
notes.nagi.tw/topics/choices/,https://nagi.tw/topics/choices/,301,TRUE,FALSE,FALSE,FALSE
notes.nagi.tw/topics/choices/index.html,https://nagi.tw/topics/choices/,301,TRUE,FALSE,FALSE,FALSE
notes.nagi.tw/topics/competition,https://nagi.tw/topics/competition/,301,TRUE,FALSE,FALSE,FALSE
notes.nagi.tw/topics/competition/,https://nagi.tw/topics/competition/,301,TRUE,FALSE,FALSE,FALSE
notes.nagi.tw/topics/competition/index.html,https://nagi.tw/topics/competition/,301,TRUE,FALSE,FALSE,FALSE
notes.nagi.tw/topics/compliance,https://nagi.tw/topics/compliance/,301,TRUE,FALSE,FALSE,FALSE
notes.nagi.tw/topics/compliance/,https://nagi.tw/topics/compliance/,301,TRUE,FALSE,FALSE,FALSE
notes.nagi.tw/topics/compliance/index.html,https://nagi.tw/topics/compliance/,301,TRUE,FALSE,FALSE,FALSE
notes.nagi.tw/topics/ctf,https://nagi.tw/topics/ctf/,301,TRUE,FALSE,FALSE,FALSE
notes.nagi.tw/topics/ctf/,https://nagi.tw/topics/ctf/,301,TRUE,FALSE,FALSE,FALSE
notes.nagi.tw/topics/ctf/index.html,https://nagi.tw/topics/ctf/,301,TRUE,FALSE,FALSE,FALSE
notes.nagi.tw/topics/cybersec,https://nagi.tw/topics/cybersec/,301,TRUE,FALSE,FALSE,FALSE
notes.nagi.tw/topics/cybersec/,https://nagi.tw/topics/cybersec/,301,TRUE,FALSE,FALSE,FALSE
notes.nagi.tw/topics/cybersec/index.html,https://nagi.tw/topics/cybersec/,301,TRUE,FALSE,FALSE,FALSE
notes.nagi.tw/topics/cybersecurity,https://nagi.tw/topics/cybersecurity/,301,TRUE,FALSE,FALSE,FALSE
notes.nagi.tw/topics/cybersecurity/,https://nagi.tw/topics/cybersecurity/,301,TRUE,FALSE,FALSE,FALSE
notes.nagi.tw/topics/cybersecurity/index.html,https://nagi.tw/topics/cybersecurity/,301,TRUE,FALSE,FALSE,FALSE
notes.nagi.tw/topics/dfir,https://nagi.tw/topics/dfir/,301,TRUE,FALSE,FALSE,FALSE
notes.nagi.tw/topics/dfir/,https://nagi.tw/topics/dfir/,301,TRUE,FALSE,FALSE,FALSE
notes.nagi.tw/topics/dfir/index.html,https://nagi.tw/topics/dfir/,301,TRUE,FALSE,FALSE,FALSE
notes.nagi.tw/topics/edge-ai,https://nagi.tw/topics/edge-ai/,301,TRUE,FALSE,FALSE,FALSE
notes.nagi.tw/topics/edge-ai/,https://nagi.tw/topics/edge-ai/,301,TRUE,FALSE,FALSE,FALSE
notes.nagi.tw/topics/edge-ai/index.html,https://nagi.tw/topics/edge-ai/,301,TRUE,FALSE,FALSE,FALSE
notes.nagi.tw/topics/embedded,https://nagi.tw/topics/embedded/,301,TRUE,FALSE,FALSE,FALSE
notes.nagi.tw/topics/embedded/,https://nagi.tw/topics/embedded/,301,TRUE,FALSE,FALSE,FALSE
notes.nagi.tw/topics/embedded/index.html,https://nagi.tw/topics/embedded/,301,TRUE,FALSE,FALSE,FALSE
notes.nagi.tw/topics/engineering,https://nagi.tw/topics/engineering/,301,TRUE,FALSE,FALSE,FALSE
notes.nagi.tw/topics/engineering/,https://nagi.tw/topics/engineering/,301,TRUE,FALSE,FALSE,FALSE
notes.nagi.tw/topics/engineering/index.html,https://nagi.tw/topics/engineering/,301,TRUE,FALSE,FALSE,FALSE
notes.nagi.tw/topics/financial-security,https://nagi.tw/topics/financial-security/,301,TRUE,FALSE,FALSE,FALSE
notes.nagi.tw/topics/financial-security/,https://nagi.tw/topics/financial-security/,301,TRUE,FALSE,FALSE,FALSE
notes.nagi.tw/topics/financial-security/index.html,https://nagi.tw/topics/financial-security/,301,TRUE,FALSE,FALSE,FALSE
notes.nagi.tw/topics/frc,https://nagi.tw/topics/frc/,301,TRUE,FALSE,FALSE,FALSE
notes.nagi.tw/topics/frc/,https://nagi.tw/topics/frc/,301,TRUE,FALSE,FALSE,FALSE
notes.nagi.tw/topics/frc/index.html,https://nagi.tw/topics/frc/,301,TRUE,FALSE,FALSE,FALSE
notes.nagi.tw/topics/future,https://nagi.tw/topics/future/,301,TRUE,FALSE,FALSE,FALSE
notes.nagi.tw/topics/future/,https://nagi.tw/topics/future/,301,TRUE,FALSE,FALSE,FALSE
notes.nagi.tw/topics/future/index.html,https://nagi.tw/topics/future/,301,TRUE,FALSE,FALSE,FALSE
notes.nagi.tw/topics/growth,https://nagi.tw/topics/growth/,301,TRUE,FALSE,FALSE,FALSE
notes.nagi.tw/topics/growth/,https://nagi.tw/topics/growth/,301,TRUE,FALSE,FALSE,FALSE
notes.nagi.tw/topics/growth/index.html,https://nagi.tw/topics/growth/,301,TRUE,FALSE,FALSE,FALSE
notes.nagi.tw/topics/healthcare,https://nagi.tw/topics/healthcare/,301,TRUE,FALSE,FALSE,FALSE
notes.nagi.tw/topics/healthcare-medical-iot,https://nagi.tw/topics/healthcare-medical-iot/,301,TRUE,FALSE,FALSE,FALSE
notes.nagi.tw/topics/healthcare-medical-iot/,https://nagi.tw/topics/healthcare-medical-iot/,301,TRUE,FALSE,FALSE,FALSE
notes.nagi.tw/topics/healthcare-medical-iot/index.html,https://nagi.tw/topics/healthcare-medical-iot/,301,TRUE,FALSE,FALSE,FALSE
notes.nagi.tw/topics/healthcare/,https://nagi.tw/topics/healthcare/,301,TRUE,FALSE,FALSE,FALSE
notes.nagi.tw/topics/healthcare/index.html,https://nagi.tw/topics/healthcare/,301,TRUE,FALSE,FALSE,FALSE
notes.nagi.tw/topics/high-school-life,https://nagi.tw/topics/high-school-life/,301,TRUE,FALSE,FALSE,FALSE
notes.nagi.tw/topics/high-school-life/,https://nagi.tw/topics/high-school-life/,301,TRUE,FALSE,FALSE,FALSE
notes.nagi.tw/topics/high-school-life/index.html,https://nagi.tw/topics/high-school-life/,301,TRUE,FALSE,FALSE,FALSE
notes.nagi.tw/topics/homelab,https://nagi.tw/topics/homelab/,301,TRUE,FALSE,FALSE,FALSE
notes.nagi.tw/topics/homelab/,https://nagi.tw/topics/homelab/,301,TRUE,FALSE,FALSE,FALSE
notes.nagi.tw/topics/homelab/index.html,https://nagi.tw/topics/homelab/,301,TRUE,FALSE,FALSE,FALSE
notes.nagi.tw/topics/incident-response,https://nagi.tw/topics/incident-response/,301,TRUE,FALSE,FALSE,FALSE
notes.nagi.tw/topics/incident-response/,https://nagi.tw/topics/incident-response/,301,TRUE,FALSE,FALSE,FALSE
notes.nagi.tw/topics/incident-response/index.html,https://nagi.tw/topics/incident-response/,301,TRUE,FALSE,FALSE,FALSE
notes.nagi.tw/topics/index.html,https://nagi.tw/topics/,301,TRUE,FALSE,FALSE,FALSE
notes.nagi.tw/topics/infosec-taiwan,https://nagi.tw/topics/infosec-taiwan/,301,TRUE,FALSE,FALSE,FALSE
notes.nagi.tw/topics/infosec-taiwan/,https://nagi.tw/topics/infosec-taiwan/,301,TRUE,FALSE,FALSE,FALSE
notes.nagi.tw/topics/infosec-taiwan/index.html,https://nagi.tw/topics/infosec-taiwan/,301,TRUE,FALSE,FALSE,FALSE
notes.nagi.tw/topics/introduction,https://nagi.tw/topics/introduction/,301,TRUE,FALSE,FALSE,FALSE
notes.nagi.tw/topics/introduction/,https://nagi.tw/topics/introduction/,301,TRUE,FALSE,FALSE,FALSE
notes.nagi.tw/topics/introduction/index.html,https://nagi.tw/topics/introduction/,301,TRUE,FALSE,FALSE,FALSE
notes.nagi.tw/topics/journey,https://nagi.tw/topics/journey/,301,TRUE,FALSE,FALSE,FALSE
notes.nagi.tw/topics/journey/,https://nagi.tw/topics/journey/,301,TRUE,FALSE,FALSE,FALSE
notes.nagi.tw/topics/journey/index.html,https://nagi.tw/topics/journey/,301,TRUE,FALSE,FALSE,FALSE
notes.nagi.tw/topics/life,https://nagi.tw/topics/life/,301,TRUE,FALSE,FALSE,FALSE
notes.nagi.tw/topics/life/,https://nagi.tw/topics/life/,301,TRUE,FALSE,FALSE,FALSE
notes.nagi.tw/topics/life/index.html,https://nagi.tw/topics/life/,301,TRUE,FALSE,FALSE,FALSE
notes.nagi.tw/topics/malware-analysis,https://nagi.tw/topics/malware-analysis/,301,TRUE,FALSE,FALSE,FALSE
notes.nagi.tw/topics/malware-analysis/,https://nagi.tw/topics/malware-analysis/,301,TRUE,FALSE,FALSE,FALSE
notes.nagi.tw/topics/malware-analysis/index.html,https://nagi.tw/topics/malware-analysis/,301,TRUE,FALSE,FALSE,FALSE
notes.nagi.tw/topics/medical,https://nagi.tw/topics/medical/,301,TRUE,FALSE,FALSE,FALSE
notes.nagi.tw/topics/medical-cybersecurity,https://nagi.tw/topics/medical-cybersecurity/,301,TRUE,FALSE,FALSE,FALSE
notes.nagi.tw/topics/medical-cybersecurity/,https://nagi.tw/topics/medical-cybersecurity/,301,TRUE,FALSE,FALSE,FALSE
notes.nagi.tw/topics/medical-cybersecurity/index.html,https://nagi.tw/topics/medical-cybersecurity/,301,TRUE,FALSE,FALSE,FALSE
notes.nagi.tw/topics/medical/,https://nagi.tw/topics/medical/,301,TRUE,FALSE,FALSE,FALSE
notes.nagi.tw/topics/medical/index.html,https://nagi.tw/topics/medical/,301,TRUE,FALSE,FALSE,FALSE
notes.nagi.tw/topics/memories,https://nagi.tw/topics/memories/,301,TRUE,FALSE,FALSE,FALSE
notes.nagi.tw/topics/memories/,https://nagi.tw/topics/memories/,301,TRUE,FALSE,FALSE,FALSE
notes.nagi.tw/topics/memories/index.html,https://nagi.tw/topics/memories/,301,TRUE,FALSE,FALSE,FALSE
notes.nagi.tw/topics/my-story,https://nagi.tw/topics/my-story/,301,TRUE,FALSE,FALSE,FALSE
notes.nagi.tw/topics/my-story/,https://nagi.tw/topics/my-story/,301,TRUE,FALSE,FALSE,FALSE
notes.nagi.tw/topics/my-story/index.html,https://nagi.tw/topics/my-story/,301,TRUE,FALSE,FALSE,FALSE
notes.nagi.tw/topics/ot-security,https://nagi.tw/topics/ot-security/,301,TRUE,FALSE,FALSE,FALSE
notes.nagi.tw/topics/ot-security/,https://nagi.tw/topics/ot-security/,301,TRUE,FALSE,FALSE,FALSE
notes.nagi.tw/topics/ot-security/index.html,https://nagi.tw/topics/ot-security/,301,TRUE,FALSE,FALSE,FALSE
notes.nagi.tw/topics/personal,https://nagi.tw/topics/personal/,301,TRUE,FALSE,FALSE,FALSE
notes.nagi.tw/topics/personal/,https://nagi.tw/topics/personal/,301,TRUE,FALSE,FALSE,FALSE
notes.nagi.tw/topics/personal/index.html,https://nagi.tw/topics/personal/,301,TRUE,FALSE,FALSE,FALSE
notes.nagi.tw/topics/post-quantum-cryptography,https://nagi.tw/topics/post-quantum-cryptography/,301,TRUE,FALSE,FALSE,FALSE
notes.nagi.tw/topics/post-quantum-cryptography/,https://nagi.tw/topics/post-quantum-cryptography/,301,TRUE,FALSE,FALSE,FALSE
notes.nagi.tw/topics/post-quantum-cryptography/index.html,https://nagi.tw/topics/post-quantum-cryptography/,301,TRUE,FALSE,FALSE,FALSE
notes.nagi.tw/topics/projects,https://nagi.tw/topics/projects/,301,TRUE,FALSE,FALSE,FALSE
notes.nagi.tw/topics/projects/,https://nagi.tw/topics/projects/,301,TRUE,FALSE,FALSE,FALSE
notes.nagi.tw/topics/projects/index.html,https://nagi.tw/topics/projects/,301,TRUE,FALSE,FALSE,FALSE
notes.nagi.tw/topics/raspberry-pi,https://nagi.tw/topics/raspberry-pi/,301,TRUE,FALSE,FALSE,FALSE
notes.nagi.tw/topics/raspberry-pi/,https://nagi.tw/topics/raspberry-pi/,301,TRUE,FALSE,FALSE,FALSE
notes.nagi.tw/topics/raspberry-pi/index.html,https://nagi.tw/topics/raspberry-pi/,301,TRUE,FALSE,FALSE,FALSE
notes.nagi.tw/topics/reflection,https://nagi.tw/topics/reflection/,301,TRUE,FALSE,FALSE,FALSE
notes.nagi.tw/topics/reflection/,https://nagi.tw/topics/reflection/,301,TRUE,FALSE,FALSE,FALSE
notes.nagi.tw/topics/reflection/index.html,https://nagi.tw/topics/reflection/,301,TRUE,FALSE,FALSE,FALSE
notes.nagi.tw/topics/research,https://nagi.tw/topics/research/,301,TRUE,FALSE,FALSE,FALSE
notes.nagi.tw/topics/research/,https://nagi.tw/topics/research/,301,TRUE,FALSE,FALSE,FALSE
notes.nagi.tw/topics/research/index.html,https://nagi.tw/topics/research/,301,TRUE,FALSE,FALSE,FALSE
notes.nagi.tw/topics/responsible-security-culture,https://nagi.tw/topics/responsible-security-culture/,301,TRUE,FALSE,FALSE,FALSE
notes.nagi.tw/topics/responsible-security-culture/,https://nagi.tw/topics/responsible-security-culture/,301,TRUE,FALSE,FALSE,FALSE
notes.nagi.tw/topics/responsible-security-culture/index.html,https://nagi.tw/topics/responsible-security-culture/,301,TRUE,FALSE,FALSE,FALSE
notes.nagi.tw/topics/retail,https://nagi.tw/topics/retail/,301,TRUE,FALSE,FALSE,FALSE
notes.nagi.tw/topics/retail/,https://nagi.tw/topics/retail/,301,TRUE,FALSE,FALSE,FALSE
notes.nagi.tw/topics/retail/index.html,https://nagi.tw/topics/retail/,301,TRUE,FALSE,FALSE,FALSE
notes.nagi.tw/topics/robotics,https://nagi.tw/topics/robotics/,301,TRUE,FALSE,FALSE,FALSE
notes.nagi.tw/topics/robotics/,https://nagi.tw/topics/robotics/,301,TRUE,FALSE,FALSE,FALSE
notes.nagi.tw/topics/robotics/index.html,https://nagi.tw/topics/robotics/,301,TRUE,FALSE,FALSE,FALSE
notes.nagi.tw/topics/security,https://nagi.tw/topics/security/,301,TRUE,FALSE,FALSE,FALSE
notes.nagi.tw/topics/security-culture,https://nagi.tw/topics/security-culture/,301,TRUE,FALSE,FALSE,FALSE
notes.nagi.tw/topics/security-culture/,https://nagi.tw/topics/security-culture/,301,TRUE,FALSE,FALSE,FALSE
notes.nagi.tw/topics/security-culture/index.html,https://nagi.tw/topics/security-culture/,301,TRUE,FALSE,FALSE,FALSE
notes.nagi.tw/topics/security/,https://nagi.tw/topics/security/,301,TRUE,FALSE,FALSE,FALSE
notes.nagi.tw/topics/security/index.html,https://nagi.tw/topics/security/,301,TRUE,FALSE,FALSE,FALSE
notes.nagi.tw/topics/sme-security,https://nagi.tw/topics/sme-security/,301,TRUE,FALSE,FALSE,FALSE
notes.nagi.tw/topics/sme-security/,https://nagi.tw/topics/sme-security/,301,TRUE,FALSE,FALSE,FALSE
notes.nagi.tw/topics/sme-security/index.html,https://nagi.tw/topics/sme-security/,301,TRUE,FALSE,FALSE,FALSE
notes.nagi.tw/topics/soc,https://nagi.tw/topics/soc/,301,TRUE,FALSE,FALSE,FALSE
notes.nagi.tw/topics/soc/,https://nagi.tw/topics/soc/,301,TRUE,FALSE,FALSE,FALSE
notes.nagi.tw/topics/soc/index.html,https://nagi.tw/topics/soc/,301,TRUE,FALSE,FALSE,FALSE
notes.nagi.tw/topics/students,https://nagi.tw/topics/students/,301,TRUE,FALSE,FALSE,FALSE
notes.nagi.tw/topics/students/,https://nagi.tw/topics/students/,301,TRUE,FALSE,FALSE,FALSE
notes.nagi.tw/topics/students/index.html,https://nagi.tw/topics/students/,301,TRUE,FALSE,FALSE,FALSE
notes.nagi.tw/topics/systems,https://nagi.tw/topics/systems/,301,TRUE,FALSE,FALSE,FALSE
notes.nagi.tw/topics/systems/,https://nagi.tw/topics/systems/,301,TRUE,FALSE,FALSE,FALSE
notes.nagi.tw/topics/systems/index.html,https://nagi.tw/topics/systems/,301,TRUE,FALSE,FALSE,FALSE
notes.nagi.tw/topics/windows-forensics,https://nagi.tw/topics/windows-forensics/,301,TRUE,FALSE,FALSE,FALSE
notes.nagi.tw/topics/windows-forensics/,https://nagi.tw/topics/windows-forensics/,301,TRUE,FALSE,FALSE,FALSE
notes.nagi.tw/topics/windows-forensics/index.html,https://nagi.tw/topics/windows-forensics/,301,TRUE,FALSE,FALSE,FALSE
notes.nagi.tw/topics/windows-malware,https://nagi.tw/topics/windows-malware/,301,TRUE,FALSE,FALSE,FALSE
notes.nagi.tw/topics/windows-malware/,https://nagi.tw/topics/windows-malware/,301,TRUE,FALSE,FALSE,FALSE
notes.nagi.tw/topics/windows-malware/index.html,https://nagi.tw/topics/windows-malware/,301,TRUE,FALSE,FALSE,FALSE
notes.nagi.tw/topics/wireshark,https://nagi.tw/topics/wireshark/,301,TRUE,FALSE,FALSE,FALSE
notes.nagi.tw/topics/wireshark/,https://nagi.tw/topics/wireshark/,301,TRUE,FALSE,FALSE,FALSE
notes.nagi.tw/topics/wireshark/index.html,https://nagi.tw/topics/wireshark/,301,TRUE,FALSE,FALSE,FALSE
notes.nagi.tw/topics/zero-trust,https://nagi.tw/topics/zero-trust/,301,TRUE,FALSE,FALSE,FALSE
notes.nagi.tw/topics/zero-trust/,https://nagi.tw/topics/zero-trust/,301,TRUE,FALSE,FALSE,FALSE
notes.nagi.tw/topics/zero-trust/index.html,https://nagi.tw/topics/zero-trust/,301,TRUE,FALSE,FALSE,FALSE
