nagi.tw/articles/2026-security-conference.en,https://nagi.tw/en/articles/2026-security-conference/,301,TRUE,FALSE,FALSE,FALSE
nagi.tw/articles/2026-security-conference.en.html,https://nagi.tw/en/articles/2026-security-conference/,301,TRUE,FALSE,FALSE,FALSE
nagi.tw/articles/2026-security-conference.en/,https://nagi.tw/en/articles/2026-security-conference/,301,TRUE,FALSE,FALSE,FALSE
nagi.tw/articles/2026-security-conference.ja,https://nagi.tw/ja/articles/2026-security-conference/,301,TRUE,FALSE,FALSE,FALSE
nagi.tw/articles/2026-security-conference.ja.html,https://nagi.tw/ja/articles/2026-security-conference/,301,TRUE,FALSE,FALSE,FALSE
nagi.tw/articles/2026-security-conference.ja/,https://nagi.tw/ja/articles/2026-security-conference/,301,TRUE,FALSE,FALSE,FALSE
nagi.tw/articles/2026-security-conference/en,https://nagi.tw/en/articles/2026-security-conference/,301,TRUE,FALSE,FALSE,FALSE
nagi.tw/articles/2026-security-conference/en/,https://nagi.tw/en/articles/2026-security-conference/,301,TRUE,FALSE,FALSE,FALSE
nagi.tw/articles/2026-security-conference/ja,https://nagi.tw/ja/articles/2026-security-conference/,301,TRUE,FALSE,FALSE,FALSE
nagi.tw/articles/2026-security-conference/ja/,https://nagi.tw/ja/articles/2026-security-conference/,301,TRUE,FALSE,FALSE,FALSE
nagi.tw/articles/ctf-meets-malware-analysis-windows.en,https://nagi.tw/en/articles/ctf-meets-malware-analysis-windows/,301,TRUE,FALSE,FALSE,FALSE
nagi.tw/articles/ctf-meets-malware-analysis-windows.en.html,https://nagi.tw/en/articles/ctf-meets-malware-analysis-windows/,301,TRUE,FALSE,FALSE,FALSE
nagi.tw/articles/ctf-meets-malware-analysis-windows.en/,https://nagi.tw/en/articles/ctf-meets-malware-analysis-windows/,301,TRUE,FALSE,FALSE,FALSE
nagi.tw/articles/ctf-meets-malware-analysis-windows.ja,https://nagi.tw/ja/articles/ctf-meets-malware-analysis-windows/,301,TRUE,FALSE,FALSE,FALSE
nagi.tw/articles/ctf-meets-malware-analysis-windows.ja.html,https://nagi.tw/ja/articles/ctf-meets-malware-analysis-windows/,301,TRUE,FALSE,FALSE,FALSE
nagi.tw/articles/ctf-meets-malware-analysis-windows.ja/,https://nagi.tw/ja/articles/ctf-meets-malware-analysis-windows/,301,TRUE,FALSE,FALSE,FALSE
nagi.tw/articles/ctf-meets-malware-analysis-windows/en,https://nagi.tw/en/articles/ctf-meets-malware-analysis-windows/,301,TRUE,FALSE,FALSE,FALSE
nagi.tw/articles/ctf-meets-malware-analysis-windows/en/,https://nagi.tw/en/articles/ctf-meets-malware-analysis-windows/,301,TRUE,FALSE,FALSE,FALSE
nagi.tw/articles/ctf-meets-malware-analysis-windows/ja,https://nagi.tw/ja/articles/ctf-meets-malware-analysis-windows/,301,TRUE,FALSE,FALSE,FALSE
nagi.tw/articles/ctf-meets-malware-analysis-windows/ja/,https://nagi.tw/ja/articles/ctf-meets-malware-analysis-windows/,301,TRUE,FALSE,FALSE,FALSE
nagi.tw/articles/infosec-taiwan-2026-student-industry-gap.en,https://nagi.tw/en/articles/infosec-taiwan-2026-student-industry-gap/,301,TRUE,FALSE,FALSE,FALSE
nagi.tw/articles/infosec-taiwan-2026-student-industry-gap.en.html,https://nagi.tw/en/articles/infosec-taiwan-2026-student-industry-gap/,301,TRUE,FALSE,FALSE,FALSE
nagi.tw/articles/infosec-taiwan-2026-student-industry-gap.en/,https://nagi.tw/en/articles/infosec-taiwan-2026-student-industry-gap/,301,TRUE,FALSE,FALSE,FALSE
nagi.tw/articles/infosec-taiwan-2026-student-industry-gap.ja,https://nagi.tw/ja/articles/infosec-taiwan-2026-student-industry-gap/,301,TRUE,FALSE,FALSE,FALSE
nagi.tw/articles/infosec-taiwan-2026-student-industry-gap.ja.html,https://nagi.tw/ja/articles/infosec-taiwan-2026-student-industry-gap/,301,TRUE,FALSE,FALSE,FALSE
nagi.tw/articles/infosec-taiwan-2026-student-industry-gap.ja/,https://nagi.tw/ja/articles/infosec-taiwan-2026-student-industry-gap/,301,TRUE,FALSE,FALSE,FALSE
nagi.tw/articles/infosec-taiwan-2026-student-industry-gap/en,https://nagi.tw/en/articles/infosec-taiwan-2026-student-industry-gap/,301,TRUE,FALSE,FALSE,FALSE
nagi.tw/articles/infosec-taiwan-2026-student-industry-gap/en/,https://nagi.tw/en/articles/infosec-taiwan-2026-student-industry-gap/,301,TRUE,FALSE,FALSE,FALSE
nagi.tw/articles/infosec-taiwan-2026-student-industry-gap/ja,https://nagi.tw/ja/articles/infosec-taiwan-2026-student-industry-gap/,301,TRUE,FALSE,FALSE,FALSE
nagi.tw/articles/infosec-taiwan-2026-student-industry-gap/ja/,https://nagi.tw/ja/articles/infosec-taiwan-2026-student-industry-gap/,301,TRUE,FALSE,FALSE,FALSE
nagi.tw/articles/not-everyone-has-to-walk-the-same-road.ja,https://nagi.tw/ja/articles/not-everyone-has-to-walk-the-same-road/,301,TRUE,FALSE,FALSE,FALSE
nagi.tw/articles/not-everyone-has-to-walk-the-same-road.ja.html,https://nagi.tw/ja/articles/not-everyone-has-to-walk-the-same-road/,301,TRUE,FALSE,FALSE,FALSE
nagi.tw/articles/not-everyone-has-to-walk-the-same-road.ja/,https://nagi.tw/ja/articles/not-everyone-has-to-walk-the-same-road/,301,TRUE,FALSE,FALSE,FALSE
nagi.tw/articles/not-everyone-has-to-walk-the-same-road/ja,https://nagi.tw/ja/articles/not-everyone-has-to-walk-the-same-road/,301,TRUE,FALSE,FALSE,FALSE
nagi.tw/articles/not-everyone-has-to-walk-the-same-road/ja/,https://nagi.tw/ja/articles/not-everyone-has-to-walk-the-same-road/,301,TRUE,FALSE,FALSE,FALSE
nagi.tw/articles/nurse-made-me-rethink-medical-cybersecurity.en,https://nagi.tw/en/articles/nurse-made-me-rethink-medical-cybersecurity/,301,TRUE,FALSE,FALSE,FALSE
nagi.tw/articles/nurse-made-me-rethink-medical-cybersecurity.en.html,https://nagi.tw/en/articles/nurse-made-me-rethink-medical-cybersecurity/,301,TRUE,FALSE,FALSE,FALSE
nagi.tw/articles/nurse-made-me-rethink-medical-cybersecurity.en/,https://nagi.tw/en/articles/nurse-made-me-rethink-medical-cybersecurity/,301,TRUE,FALSE,FALSE,FALSE
nagi.tw/articles/nurse-made-me-rethink-medical-cybersecurity.ja,https://nagi.tw/ja/articles/nurse-made-me-rethink-medical-cybersecurity/,301,TRUE,FALSE,FALSE,FALSE
nagi.tw/articles/nurse-made-me-rethink-medical-cybersecurity.ja.html,https://nagi.tw/ja/articles/nurse-made-me-rethink-medical-cybersecurity/,301,TRUE,FALSE,FALSE,FALSE
nagi.tw/articles/nurse-made-me-rethink-medical-cybersecurity.ja/,https://nagi.tw/ja/articles/nurse-made-me-rethink-medical-cybersecurity/,301,TRUE,FALSE,FALSE,FALSE
nagi.tw/articles/nurse-made-me-rethink-medical-cybersecurity/en,https://nagi.tw/en/articles/nurse-made-me-rethink-medical-cybersecurity/,301,TRUE,FALSE,FALSE,FALSE
nagi.tw/articles/nurse-made-me-rethink-medical-cybersecurity/en/,https://nagi.tw/en/articles/nurse-made-me-rethink-medical-cybersecurity/,301,TRUE,FALSE,FALSE,FALSE
nagi.tw/articles/nurse-made-me-rethink-medical-cybersecurity/ja,https://nagi.tw/ja/articles/nurse-made-me-rethink-medical-cybersecurity/,301,TRUE,FALSE,FALSE,FALSE
nagi.tw/articles/nurse-made-me-rethink-medical-cybersecurity/ja/,https://nagi.tw/ja/articles/nurse-made-me-rethink-medical-cybersecurity/,301,TRUE,FALSE,FALSE,FALSE
nagi.tw/articles/prologue-the-people-i-met-along-the-way.ja,https://nagi.tw/ja/articles/prologue-the-people-i-met-along-the-way/,301,TRUE,FALSE,FALSE,FALSE
nagi.tw/articles/prologue-the-people-i-met-along-the-way.ja.html,https://nagi.tw/ja/articles/prologue-the-people-i-met-along-the-way/,301,TRUE,FALSE,FALSE,FALSE
nagi.tw/articles/prologue-the-people-i-met-along-the-way.ja/,https://nagi.tw/ja/articles/prologue-the-people-i-met-along-the-way/,301,TRUE,FALSE,FALSE,FALSE
nagi.tw/articles/prologue-the-people-i-met-along-the-way/ja,https://nagi.tw/ja/articles/prologue-the-people-i-met-along-the-way/,301,TRUE,FALSE,FALSE,FALSE
nagi.tw/articles/prologue-the-people-i-met-along-the-way/ja/,https://nagi.tw/ja/articles/prologue-the-people-i-met-along-the-way/,301,TRUE,FALSE,FALSE,FALSE
nagi.tw/articles/retail-work-sme-security-culture.en,https://nagi.tw/en/articles/retail-work-sme-security-culture/,301,TRUE,FALSE,FALSE,FALSE
nagi.tw/articles/retail-work-sme-security-culture.en.html,https://nagi.tw/en/articles/retail-work-sme-security-culture/,301,TRUE,FALSE,FALSE,FALSE
nagi.tw/articles/retail-work-sme-security-culture.en/,https://nagi.tw/en/articles/retail-work-sme-security-culture/,301,TRUE,FALSE,FALSE,FALSE
nagi.tw/articles/retail-work-sme-security-culture.ja,https://nagi.tw/ja/articles/retail-work-sme-security-culture/,301,TRUE,FALSE,FALSE,FALSE
nagi.tw/articles/retail-work-sme-security-culture.ja.html,https://nagi.tw/ja/articles/retail-work-sme-security-culture/,301,TRUE,FALSE,FALSE,FALSE
nagi.tw/articles/retail-work-sme-security-culture.ja/,https://nagi.tw/ja/articles/retail-work-sme-security-culture/,301,TRUE,FALSE,FALSE,FALSE
nagi.tw/articles/retail-work-sme-security-culture/en,https://nagi.tw/en/articles/retail-work-sme-security-culture/,301,TRUE,FALSE,FALSE,FALSE
nagi.tw/articles/retail-work-sme-security-culture/en/,https://nagi.tw/en/articles/retail-work-sme-security-culture/,301,TRUE,FALSE,FALSE,FALSE
nagi.tw/articles/retail-work-sme-security-culture/ja,https://nagi.tw/ja/articles/retail-work-sme-security-culture/,301,TRUE,FALSE,FALSE,FALSE
nagi.tw/articles/retail-work-sme-security-culture/ja/,https://nagi.tw/ja/articles/retail-work-sme-security-culture/,301,TRUE,FALSE,FALSE,FALSE
nagi.tw/articles/ten-years-from-now-dont-forget-who-you-are-now.ja,https://nagi.tw/ja/articles/ten-years-from-now-dont-forget-who-you-are-now/,301,TRUE,FALSE,FALSE,FALSE
nagi.tw/articles/ten-years-from-now-dont-forget-who-you-are-now.ja.html,https://nagi.tw/ja/articles/ten-years-from-now-dont-forget-who-you-are-now/,301,TRUE,FALSE,FALSE,FALSE
nagi.tw/articles/ten-years-from-now-dont-forget-who-you-are-now.ja/,https://nagi.tw/ja/articles/ten-years-from-now-dont-forget-who-you-are-now/,301,TRUE,FALSE,FALSE,FALSE
nagi.tw/articles/ten-years-from-now-dont-forget-who-you-are-now/ja,https://nagi.tw/ja/articles/ten-years-from-now-dont-forget-who-you-are-now/,301,TRUE,FALSE,FALSE,FALSE
nagi.tw/articles/ten-years-from-now-dont-forget-who-you-are-now/ja/,https://nagi.tw/ja/articles/ten-years-from-now-dont-forget-who-you-are-now/,301,TRUE,FALSE,FALSE,FALSE
nagi.tw/zh,https://nagi.tw/,301,TRUE,FALSE,FALSE,FALSE
nagi.tw/zh/,https://nagi.tw/,301,TRUE,FALSE,FALSE,FALSE
nagi.tw/zh/contact,https://nagi.tw/contact/,301,TRUE,FALSE,FALSE,FALSE
nagi.tw/zh/contact/,https://nagi.tw/contact/,301,TRUE,FALSE,FALSE,FALSE
nagi.tw/zh/experience,https://nagi.tw/experience/,301,TRUE,FALSE,FALSE,FALSE
nagi.tw/zh/experience/,https://nagi.tw/experience/,301,TRUE,FALSE,FALSE,FALSE
nagi.tw/zh/projects,https://nagi.tw/projects/,301,TRUE,FALSE,FALSE,FALSE
nagi.tw/zh/projects/,https://nagi.tw/projects/,301,TRUE,FALSE,FALSE,FALSE
nagi.tw/zh/research,https://nagi.tw/research/,301,TRUE,FALSE,FALSE,FALSE
nagi.tw/zh/research/,https://nagi.tw/research/,301,TRUE,FALSE,FALSE,FALSE
