source,target,category,reason,evidence
https://seraphforge.github.io/2026/05/09/2026-security-conference,https://nagi.tw/en/articles/2026-security-conference/,B,recorded Hexo permalink,migration-report.md canonical URL table
https://seraphforge.github.io/2026/05/09/2026-security-conference/,https://nagi.tw/en/articles/2026-security-conference/,B,recorded Hexo permalink,migration-report.md canonical URL table
https://seraphforge.github.io/2026/06/23/nurse-made-me-rethink-medical-cybersecurity,https://nagi.tw/en/articles/nurse-made-me-rethink-medical-cybersecurity/,B,recorded Hexo permalink,migration-report.md canonical URL table
https://seraphforge.github.io/2026/06/23/nurse-made-me-rethink-medical-cybersecurity/,https://nagi.tw/en/articles/nurse-made-me-rethink-medical-cybersecurity/,B,recorded Hexo permalink,migration-report.md canonical URL table
https://seraphforge.github.io/2026/07/07/infosec-taiwan-2026-student-industry-gap,https://nagi.tw/en/articles/infosec-taiwan-2026-student-industry-gap/,B,recorded Hexo permalink,migration-report.md canonical URL table
https://seraphforge.github.io/2026/07/07/infosec-taiwan-2026-student-industry-gap/,https://nagi.tw/en/articles/infosec-taiwan-2026-student-industry-gap/,B,recorded Hexo permalink,migration-report.md canonical URL table
https://seraphforge.github.io/2026/07/08/ctf-meets-malware-analysis-windows,https://nagi.tw/en/articles/ctf-meets-malware-analysis-windows/,B,recorded Hexo permalink,migration-report.md canonical URL table
https://seraphforge.github.io/2026/07/08/ctf-meets-malware-analysis-windows/,https://nagi.tw/en/articles/ctf-meets-malware-analysis-windows/,B,recorded Hexo permalink,migration-report.md canonical URL table
https://seraphforge.github.io/2026/07/18/retail-work-sme-security-culture,https://nagi.tw/en/articles/retail-work-sme-security-culture/,B,recorded Hexo permalink,migration-report.md canonical URL table
https://seraphforge.github.io/2026/07/18/retail-work-sme-security-culture/,https://nagi.tw/en/articles/retail-work-sme-security-culture/,B,recorded Hexo permalink,migration-report.md canonical URL table
https://seraphforge.github.io/ja/2026/04/18/not-everyone-has-to-walk-the-same-road,https://nagi.tw/ja/articles/not-everyone-has-to-walk-the-same-road/,B,recorded Hexo permalink,migration-report.md canonical URL table
https://seraphforge.github.io/ja/2026/04/18/not-everyone-has-to-walk-the-same-road/,https://nagi.tw/ja/articles/not-everyone-has-to-walk-the-same-road/,B,recorded Hexo permalink,migration-report.md canonical URL table
https://seraphforge.github.io/ja/2026/05/09/2026-security-conference,https://nagi.tw/ja/articles/2026-security-conference/,B,recorded Hexo permalink,migration-report.md canonical URL table
https://seraphforge.github.io/ja/2026/05/09/2026-security-conference/,https://nagi.tw/ja/articles/2026-security-conference/,B,recorded Hexo permalink,migration-report.md canonical URL table
https://seraphforge.github.io/ja/2026/06/23/nurse-made-me-rethink-medical-cybersecurity,https://nagi.tw/ja/articles/nurse-made-me-rethink-medical-cybersecurity/,B,recorded Hexo permalink,migration-report.md canonical URL table
https://seraphforge.github.io/ja/2026/06/23/nurse-made-me-rethink-medical-cybersecurity/,https://nagi.tw/ja/articles/nurse-made-me-rethink-medical-cybersecurity/,B,recorded Hexo permalink,migration-report.md canonical URL table
https://seraphforge.github.io/ja/2026/06/23/prologue-the-people-i-met-along-the-way,https://nagi.tw/ja/articles/prologue-the-people-i-met-along-the-way/,B,recorded Hexo permalink,migration-report.md canonical URL table
https://seraphforge.github.io/ja/2026/06/23/prologue-the-people-i-met-along-the-way/,https://nagi.tw/ja/articles/prologue-the-people-i-met-along-the-way/,B,recorded Hexo permalink,migration-report.md canonical URL table
https://seraphforge.github.io/ja/2026/06/23/ten-years-from-now-dont-forget-who-you-are-now,https://nagi.tw/ja/articles/ten-years-from-now-dont-forget-who-you-are-now/,B,recorded Hexo permalink,migration-report.md canonical URL table
https://seraphforge.github.io/ja/2026/06/23/ten-years-from-now-dont-forget-who-you-are-now/,https://nagi.tw/ja/articles/ten-years-from-now-dont-forget-who-you-are-now/,B,recorded Hexo permalink,migration-report.md canonical URL table
https://seraphforge.github.io/ja/2026/07/07/infosec-taiwan-2026-student-industry-gap,https://nagi.tw/ja/articles/infosec-taiwan-2026-student-industry-gap/,B,recorded Hexo permalink,migration-report.md canonical URL table
https://seraphforge.github.io/ja/2026/07/07/infosec-taiwan-2026-student-industry-gap/,https://nagi.tw/ja/articles/infosec-taiwan-2026-student-industry-gap/,B,recorded Hexo permalink,migration-report.md canonical URL table
https://seraphforge.github.io/ja/2026/07/08/ctf-meets-malware-analysis-windows,https://nagi.tw/ja/articles/ctf-meets-malware-analysis-windows/,B,recorded Hexo permalink,migration-report.md canonical URL table
https://seraphforge.github.io/ja/2026/07/08/ctf-meets-malware-analysis-windows/,https://nagi.tw/ja/articles/ctf-meets-malware-analysis-windows/,B,recorded Hexo permalink,migration-report.md canonical URL table
https://seraphforge.github.io/ja/2026/07/18/retail-work-sme-security-culture,https://nagi.tw/ja/articles/retail-work-sme-security-culture/,B,recorded Hexo permalink,migration-report.md canonical URL table
https://seraphforge.github.io/ja/2026/07/18/retail-work-sme-security-culture/,https://nagi.tw/ja/articles/retail-work-sme-security-culture/,B,recorded Hexo permalink,migration-report.md canonical URL table
https://seraphforge.github.io/notes.nagi.tw,https://nagi.tw/,B,same path; host/base redirect only,legacy-url-map.csv
https://seraphforge.github.io/notes.nagi.tw/,https://nagi.tw/,B,same path; host/base redirect only,legacy-url-map.csv
https://seraphforge.github.io/notes.nagi.tw/about,https://nagi.tw/about/,B,same path; host/base redirect only,legacy-url-map.csv
https://seraphforge.github.io/notes.nagi.tw/about/,https://nagi.tw/about/,B,same path; host/base redirect only,legacy-url-map.csv
https://seraphforge.github.io/notes.nagi.tw/archive,https://nagi.tw/archive/,B,same path; host/base redirect only,legacy-url-map.csv
https://seraphforge.github.io/notes.nagi.tw/archive/,https://nagi.tw/archive/,B,same path; host/base redirect only,legacy-url-map.csv
https://seraphforge.github.io/notes.nagi.tw/articles,https://nagi.tw/articles/,B,same path; host/base redirect only,legacy-url-map.csv
https://seraphforge.github.io/notes.nagi.tw/articles/,https://nagi.tw/articles/,B,same path; host/base redirect only,legacy-url-map.csv
https://seraphforge.github.io/notes.nagi.tw/articles/2026-security-conference,https://nagi.tw/articles/2026-security-conference/,B,same path; host/base redirect only,legacy-url-map.csv
https://seraphforge.github.io/notes.nagi.tw/articles/2026-security-conference/,https://nagi.tw/articles/2026-security-conference/,B,same path; host/base redirect only,legacy-url-map.csv
https://seraphforge.github.io/notes.nagi.tw/articles/2026-security-conference/en,https://nagi.tw/en/articles/2026-security-conference/,B,known language suffix maps to published locale edition,legacy-url-map.csv
https://seraphforge.github.io/notes.nagi.tw/articles/2026-security-conference/en/,https://nagi.tw/en/articles/2026-security-conference/,B,known language suffix maps to published locale edition,legacy-url-map.csv
https://seraphforge.github.io/notes.nagi.tw/articles/2026-security-conference/ja,https://nagi.tw/ja/articles/2026-security-conference/,B,known language suffix maps to published locale edition,legacy-url-map.csv
https://seraphforge.github.io/notes.nagi.tw/articles/2026-security-conference/ja/,https://nagi.tw/ja/articles/2026-security-conference/,B,known language suffix maps to published locale edition,legacy-url-map.csv
https://seraphforge.github.io/notes.nagi.tw/articles/ctf-meets-malware-analysis-windows,https://nagi.tw/articles/ctf-meets-malware-analysis-windows/,B,same path; host/base redirect only,legacy-url-map.csv
https://seraphforge.github.io/notes.nagi.tw/articles/ctf-meets-malware-analysis-windows/,https://nagi.tw/articles/ctf-meets-malware-analysis-windows/,B,same path; host/base redirect only,legacy-url-map.csv
https://seraphforge.github.io/notes.nagi.tw/articles/ctf-meets-malware-analysis-windows/en,https://nagi.tw/en/articles/ctf-meets-malware-analysis-windows/,B,known language suffix maps to published locale edition,legacy-url-map.csv
https://seraphforge.github.io/notes.nagi.tw/articles/ctf-meets-malware-analysis-windows/en/,https://nagi.tw/en/articles/ctf-meets-malware-analysis-windows/,B,known language suffix maps to published locale edition,legacy-url-map.csv
https://seraphforge.github.io/notes.nagi.tw/articles/ctf-meets-malware-analysis-windows/ja,https://nagi.tw/ja/articles/ctf-meets-malware-analysis-windows/,B,known language suffix maps to published locale edition,legacy-url-map.csv
https://seraphforge.github.io/notes.nagi.tw/articles/ctf-meets-malware-analysis-windows/ja/,https://nagi.tw/ja/articles/ctf-meets-malware-analysis-windows/,B,known language suffix maps to published locale edition,legacy-url-map.csv
https://seraphforge.github.io/notes.nagi.tw/articles/first-hackathon-in-university,https://nagi.tw/articles/first-hackathon-in-university/,B,same path; host/base redirect only,legacy-url-map.csv
https://seraphforge.github.io/notes.nagi.tw/articles/first-hackathon-in-university/,https://nagi.tw/articles/first-hackathon-in-university/,B,same path; host/base redirect only,legacy-url-map.csv
https://seraphforge.github.io/notes.nagi.tw/articles/frc-engineering-team,https://nagi.tw/articles/frc-engineering-team/,B,same path; host/base redirect only,legacy-url-map.csv
https://seraphforge.github.io/notes.nagi.tw/articles/frc-engineering-team/,https://nagi.tw/articles/frc-engineering-team/,B,same path; host/base redirect only,legacy-url-map.csv
https://seraphforge.github.io/notes.nagi.tw/articles/infosec-taiwan-2026-student-industry-gap,https://nagi.tw/articles/infosec-taiwan-2026-student-industry-gap/,B,same path; host/base redirect only,legacy-url-map.csv
https://seraphforge.github.io/notes.nagi.tw/articles/infosec-taiwan-2026-student-industry-gap/,https://nagi.tw/articles/infosec-taiwan-2026-student-industry-gap/,B,same path; host/base redirect only,legacy-url-map.csv
https://seraphforge.github.io/notes.nagi.tw/articles/infosec-taiwan-2026-student-industry-gap/en,https://nagi.tw/en/articles/infosec-taiwan-2026-student-industry-gap/,B,known language suffix maps to published locale edition,legacy-url-map.csv
https://seraphforge.github.io/notes.nagi.tw/articles/infosec-taiwan-2026-student-industry-gap/en/,https://nagi.tw/en/articles/infosec-taiwan-2026-student-industry-gap/,B,known language suffix maps to published locale edition,legacy-url-map.csv
https://seraphforge.github.io/notes.nagi.tw/articles/infosec-taiwan-2026-student-industry-gap/ja,https://nagi.tw/ja/articles/infosec-taiwan-2026-student-industry-gap/,B,known language suffix maps to published locale edition,legacy-url-map.csv
https://seraphforge.github.io/notes.nagi.tw/articles/infosec-taiwan-2026-student-industry-gap/ja/,https://nagi.tw/ja/articles/infosec-taiwan-2026-student-industry-gap/,B,known language suffix maps to published locale edition,legacy-url-map.csv
https://seraphforge.github.io/notes.nagi.tw/articles/not-everyone-has-to-walk-the-same-road,https://nagi.tw/articles/not-everyone-has-to-walk-the-same-road/,B,same path; host/base redirect only,legacy-url-map.csv
https://seraphforge.github.io/notes.nagi.tw/articles/not-everyone-has-to-walk-the-same-road/,https://nagi.tw/articles/not-everyone-has-to-walk-the-same-road/,B,same path; host/base redirect only,legacy-url-map.csv
https://seraphforge.github.io/notes.nagi.tw/articles/not-everyone-has-to-walk-the-same-road/ja,https://nagi.tw/ja/articles/not-everyone-has-to-walk-the-same-road/,B,known language suffix maps to published locale edition,legacy-url-map.csv
https://seraphforge.github.io/notes.nagi.tw/articles/not-everyone-has-to-walk-the-same-road/ja/,https://nagi.tw/ja/articles/not-everyone-has-to-walk-the-same-road/,B,known language suffix maps to published locale edition,legacy-url-map.csv
https://seraphforge.github.io/notes.nagi.tw/articles/nurse-made-me-rethink-medical-cybersecurity,https://nagi.tw/articles/nurse-made-me-rethink-medical-cybersecurity/,B,same path; host/base redirect only,legacy-url-map.csv
https://seraphforge.github.io/notes.nagi.tw/articles/nurse-made-me-rethink-medical-cybersecurity/,https://nagi.tw/articles/nurse-made-me-rethink-medical-cybersecurity/,B,same path; host/base redirect only,legacy-url-map.csv
https://seraphforge.github.io/notes.nagi.tw/articles/nurse-made-me-rethink-medical-cybersecurity/en,https://nagi.tw/en/articles/nurse-made-me-rethink-medical-cybersecurity/,B,known language suffix maps to published locale edition,legacy-url-map.csv
https://seraphforge.github.io/notes.nagi.tw/articles/nurse-made-me-rethink-medical-cybersecurity/en/,https://nagi.tw/en/articles/nurse-made-me-rethink-medical-cybersecurity/,B,known language suffix maps to published locale edition,legacy-url-map.csv
https://seraphforge.github.io/notes.nagi.tw/articles/nurse-made-me-rethink-medical-cybersecurity/ja,https://nagi.tw/ja/articles/nurse-made-me-rethink-medical-cybersecurity/,B,known language suffix maps to published locale edition,legacy-url-map.csv
https://seraphforge.github.io/notes.nagi.tw/articles/nurse-made-me-rethink-medical-cybersecurity/ja/,https://nagi.tw/ja/articles/nurse-made-me-rethink-medical-cybersecurity/,B,known language suffix maps to published locale edition,legacy-url-map.csv
https://seraphforge.github.io/notes.nagi.tw/articles/prologue-the-people-i-met-along-the-way,https://nagi.tw/articles/prologue-the-people-i-met-along-the-way/,B,same path; host/base redirect only,legacy-url-map.csv
https://seraphforge.github.io/notes.nagi.tw/articles/prologue-the-people-i-met-along-the-way/,https://nagi.tw/articles/prologue-the-people-i-met-along-the-way/,B,same path; host/base redirect only,legacy-url-map.csv
https://seraphforge.github.io/notes.nagi.tw/articles/prologue-the-people-i-met-along-the-way/ja,https://nagi.tw/ja/articles/prologue-the-people-i-met-along-the-way/,B,known language suffix maps to published locale edition,legacy-url-map.csv
https://seraphforge.github.io/notes.nagi.tw/articles/prologue-the-people-i-met-along-the-way/ja/,https://nagi.tw/ja/articles/prologue-the-people-i-met-along-the-way/,B,known language suffix maps to published locale edition,legacy-url-map.csv
https://seraphforge.github.io/notes.nagi.tw/articles/recent-projects-and-life-update,https://nagi.tw/articles/recent-projects-and-life-update/,B,same path; host/base redirect only,legacy-url-map.csv
https://seraphforge.github.io/notes.nagi.tw/articles/recent-projects-and-life-update/,https://nagi.tw/articles/recent-projects-and-life-update/,B,same path; host/base redirect only,legacy-url-map.csv
https://seraphforge.github.io/notes.nagi.tw/articles/retail-work-sme-security-culture,https://nagi.tw/articles/retail-work-sme-security-culture/,B,same path; host/base redirect only,legacy-url-map.csv
https://seraphforge.github.io/notes.nagi.tw/articles/retail-work-sme-security-culture/,https://nagi.tw/articles/retail-work-sme-security-culture/,B,same path; host/base redirect only,legacy-url-map.csv
https://seraphforge.github.io/notes.nagi.tw/articles/retail-work-sme-security-culture/en,https://nagi.tw/en/articles/retail-work-sme-security-culture/,B,known language suffix maps to published locale edition,legacy-url-map.csv
https://seraphforge.github.io/notes.nagi.tw/articles/retail-work-sme-security-culture/en/,https://nagi.tw/en/articles/retail-work-sme-security-culture/,B,known language suffix maps to published locale edition,legacy-url-map.csv
https://seraphforge.github.io/notes.nagi.tw/articles/retail-work-sme-security-culture/ja,https://nagi.tw/ja/articles/retail-work-sme-security-culture/,B,known language suffix maps to published locale edition,legacy-url-map.csv
https://seraphforge.github.io/notes.nagi.tw/articles/retail-work-sme-security-culture/ja/,https://nagi.tw/ja/articles/retail-work-sme-security-culture/,B,known language suffix maps to published locale edition,legacy-url-map.csv
https://seraphforge.github.io/notes.nagi.tw/articles/ten-years-from-now-dont-forget-who-you-are-now,https://nagi.tw/articles/ten-years-from-now-dont-forget-who-you-are-now/,B,same path; host/base redirect only,legacy-url-map.csv
https://seraphforge.github.io/notes.nagi.tw/articles/ten-years-from-now-dont-forget-who-you-are-now/,https://nagi.tw/articles/ten-years-from-now-dont-forget-who-you-are-now/,B,same path; host/base redirect only,legacy-url-map.csv
https://seraphforge.github.io/notes.nagi.tw/articles/ten-years-from-now-dont-forget-who-you-are-now/ja,https://nagi.tw/ja/articles/ten-years-from-now-dont-forget-who-you-are-now/,B,known language suffix maps to published locale edition,legacy-url-map.csv
https://seraphforge.github.io/notes.nagi.tw/articles/ten-years-from-now-dont-forget-who-you-are-now/ja/,https://nagi.tw/ja/articles/ten-years-from-now-dont-forget-who-you-are-now/,B,known language suffix maps to published locale edition,legacy-url-map.csv
https://seraphforge.github.io/notes.nagi.tw/en,https://nagi.tw/en/,B,same path; host/base redirect only,legacy-url-map.csv
https://seraphforge.github.io/notes.nagi.tw/en/,https://nagi.tw/en/,B,same path; host/base redirect only,legacy-url-map.csv
https://seraphforge.github.io/notes.nagi.tw/en/about,https://nagi.tw/en/about/,B,same path; host/base redirect only,legacy-url-map.csv
https://seraphforge.github.io/notes.nagi.tw/en/about/,https://nagi.tw/en/about/,B,same path; host/base redirect only,legacy-url-map.csv
https://seraphforge.github.io/notes.nagi.tw/en/archive,https://nagi.tw/en/archive/,B,same path; host/base redirect only,legacy-url-map.csv
https://seraphforge.github.io/notes.nagi.tw/en/archive/,https://nagi.tw/en/archive/,B,same path; host/base redirect only,legacy-url-map.csv
https://seraphforge.github.io/notes.nagi.tw/en/articles,https://nagi.tw/en/articles/,B,same path; host/base redirect only,legacy-url-map.csv
https://seraphforge.github.io/notes.nagi.tw/en/articles/,https://nagi.tw/en/articles/,B,same path; host/base redirect only,legacy-url-map.csv
https://seraphforge.github.io/notes.nagi.tw/en/articles/2026-security-conference,https://nagi.tw/en/articles/2026-security-conference/,B,same path; host/base redirect only,legacy-url-map.csv
https://seraphforge.github.io/notes.nagi.tw/en/articles/2026-security-conference/,https://nagi.tw/en/articles/2026-security-conference/,B,same path; host/base redirect only,legacy-url-map.csv
https://seraphforge.github.io/notes.nagi.tw/en/articles/ctf-meets-malware-analysis-windows,https://nagi.tw/en/articles/ctf-meets-malware-analysis-windows/,B,same path; host/base redirect only,legacy-url-map.csv
https://seraphforge.github.io/notes.nagi.tw/en/articles/ctf-meets-malware-analysis-windows/,https://nagi.tw/en/articles/ctf-meets-malware-analysis-windows/,B,same path; host/base redirect only,legacy-url-map.csv
https://seraphforge.github.io/notes.nagi.tw/en/articles/first-hackathon-in-university,https://nagi.tw/en/articles/first-hackathon-in-university/,B,same path; host/base redirect only,legacy-url-map.csv
https://seraphforge.github.io/notes.nagi.tw/en/articles/first-hackathon-in-university/,https://nagi.tw/en/articles/first-hackathon-in-university/,B,same path; host/base redirect only,legacy-url-map.csv
https://seraphforge.github.io/notes.nagi.tw/en/articles/frc-engineering-team,https://nagi.tw/en/articles/frc-engineering-team/,B,same path; host/base redirect only,legacy-url-map.csv
https://seraphforge.github.io/notes.nagi.tw/en/articles/frc-engineering-team/,https://nagi.tw/en/articles/frc-engineering-team/,B,same path; host/base redirect only,legacy-url-map.csv
https://seraphforge.github.io/notes.nagi.tw/en/articles/infosec-taiwan-2026-student-industry-gap,https://nagi.tw/en/articles/infosec-taiwan-2026-student-industry-gap/,B,same path; host/base redirect only,legacy-url-map.csv
https://seraphforge.github.io/notes.nagi.tw/en/articles/infosec-taiwan-2026-student-industry-gap/,https://nagi.tw/en/articles/infosec-taiwan-2026-student-industry-gap/,B,same path; host/base redirect only,legacy-url-map.csv
https://seraphforge.github.io/notes.nagi.tw/en/articles/not-everyone-has-to-walk-the-same-road,https://nagi.tw/en/articles/not-everyone-has-to-walk-the-same-road/,B,same path; host/base redirect only,legacy-url-map.csv
https://seraphforge.github.io/notes.nagi.tw/en/articles/not-everyone-has-to-walk-the-same-road/,https://nagi.tw/en/articles/not-everyone-has-to-walk-the-same-road/,B,same path; host/base redirect only,legacy-url-map.csv
https://seraphforge.github.io/notes.nagi.tw/en/articles/nurse-made-me-rethink-medical-cybersecurity,https://nagi.tw/en/articles/nurse-made-me-rethink-medical-cybersecurity/,B,same path; host/base redirect only,legacy-url-map.csv
https://seraphforge.github.io/notes.nagi.tw/en/articles/nurse-made-me-rethink-medical-cybersecurity/,https://nagi.tw/en/articles/nurse-made-me-rethink-medical-cybersecurity/,B,same path; host/base redirect only,legacy-url-map.csv
https://seraphforge.github.io/notes.nagi.tw/en/articles/prologue-the-people-i-met-along-the-way,https://nagi.tw/en/articles/prologue-the-people-i-met-along-the-way/,B,same path; host/base redirect only,legacy-url-map.csv
https://seraphforge.github.io/notes.nagi.tw/en/articles/prologue-the-people-i-met-along-the-way/,https://nagi.tw/en/articles/prologue-the-people-i-met-along-the-way/,B,same path; host/base redirect only,legacy-url-map.csv
https://seraphforge.github.io/notes.nagi.tw/en/articles/recent-projects-and-life-update,https://nagi.tw/en/articles/recent-projects-and-life-update/,B,same path; host/base redirect only,legacy-url-map.csv
https://seraphforge.github.io/notes.nagi.tw/en/articles/recent-projects-and-life-update/,https://nagi.tw/en/articles/recent-projects-and-life-update/,B,same path; host/base redirect only,legacy-url-map.csv
https://seraphforge.github.io/notes.nagi.tw/en/articles/retail-work-sme-security-culture,https://nagi.tw/en/articles/retail-work-sme-security-culture/,B,same path; host/base redirect only,legacy-url-map.csv
https://seraphforge.github.io/notes.nagi.tw/en/articles/retail-work-sme-security-culture/,https://nagi.tw/en/articles/retail-work-sme-security-culture/,B,same path; host/base redirect only,legacy-url-map.csv
https://seraphforge.github.io/notes.nagi.tw/en/articles/ten-years-from-now-dont-forget-who-you-are-now,https://nagi.tw/en/articles/ten-years-from-now-dont-forget-who-you-are-now/,B,same path; host/base redirect only,legacy-url-map.csv
https://seraphforge.github.io/notes.nagi.tw/en/articles/ten-years-from-now-dont-forget-who-you-are-now/,https://nagi.tw/en/articles/ten-years-from-now-dont-forget-who-you-are-now/,B,same path; host/base redirect only,legacy-url-map.csv
https://seraphforge.github.io/notes.nagi.tw/en/experience,https://nagi.tw/en/experience/,B,same path; host/base redirect only,legacy-url-map.csv
https://seraphforge.github.io/notes.nagi.tw/en/experience/,https://nagi.tw/en/experience/,B,same path; host/base redirect only,legacy-url-map.csv
https://seraphforge.github.io/notes.nagi.tw/en/topics,https://nagi.tw/en/topics/,B,same path; host/base redirect only,legacy-url-map.csv
https://seraphforge.github.io/notes.nagi.tw/en/topics/,https://nagi.tw/en/topics/,B,same path; host/base redirect only,legacy-url-map.csv
https://seraphforge.github.io/notes.nagi.tw/en/topics/%E8%BF%91%E6%B3%81,https://nagi.tw/en/topics/%E8%BF%91%E6%B3%81/,B,same path; host/base redirect only,legacy-url-map.csv
https://seraphforge.github.io/notes.nagi.tw/en/topics/%E8%BF%91%E6%B3%81/,https://nagi.tw/en/topics/%E8%BF%91%E6%B3%81/,B,same path; host/base redirect only,legacy-url-map.csv
https://seraphforge.github.io/notes.nagi.tw/en/topics/2026-cybersecurity-conference,https://nagi.tw/en/topics/2026-cybersecurity-conference/,B,same path; host/base redirect only,legacy-url-map.csv
https://seraphforge.github.io/notes.nagi.tw/en/topics/2026-cybersecurity-conference/,https://nagi.tw/en/topics/2026-cybersecurity-conference/,B,same path; host/base redirect only,legacy-url-map.csv
https://seraphforge.github.io/notes.nagi.tw/en/topics/ai,https://nagi.tw/en/topics/ai/,B,same path; host/base redirect only,legacy-url-map.csv
https://seraphforge.github.io/notes.nagi.tw/en/topics/ai-security,https://nagi.tw/en/topics/ai-security/,B,same path; host/base redirect only,legacy-url-map.csv
https://seraphforge.github.io/notes.nagi.tw/en/topics/ai-security/,https://nagi.tw/en/topics/ai-security/,B,same path; host/base redirect only,legacy-url-map.csv
https://seraphforge.github.io/notes.nagi.tw/en/topics/ai-soc,https://nagi.tw/en/topics/ai-soc/,B,same path; host/base redirect only,legacy-url-map.csv
https://seraphforge.github.io/notes.nagi.tw/en/topics/ai-soc/,https://nagi.tw/en/topics/ai-soc/,B,same path; host/base redirect only,legacy-url-map.csv
https://seraphforge.github.io/notes.nagi.tw/en/topics/ai/,https://nagi.tw/en/topics/ai/,B,same path; host/base redirect only,legacy-url-map.csv
https://seraphforge.github.io/notes.nagi.tw/en/topics/blue-team,https://nagi.tw/en/topics/blue-team/,B,same path; host/base redirect only,legacy-url-map.csv
https://seraphforge.github.io/notes.nagi.tw/en/topics/blue-team/,https://nagi.tw/en/topics/blue-team/,B,same path; host/base redirect only,legacy-url-map.csv
https://seraphforge.github.io/notes.nagi.tw/en/topics/career,https://nagi.tw/en/topics/career/,B,same path; host/base redirect only,legacy-url-map.csv
https://seraphforge.github.io/notes.nagi.tw/en/topics/career/,https://nagi.tw/en/topics/career/,B,same path; host/base redirect only,legacy-url-map.csv
https://seraphforge.github.io/notes.nagi.tw/en/topics/choices,https://nagi.tw/en/topics/choices/,B,same path; host/base redirect only,legacy-url-map.csv
https://seraphforge.github.io/notes.nagi.tw/en/topics/choices/,https://nagi.tw/en/topics/choices/,B,same path; host/base redirect only,legacy-url-map.csv
https://seraphforge.github.io/notes.nagi.tw/en/topics/competition,https://nagi.tw/en/topics/competition/,B,same path; host/base redirect only,legacy-url-map.csv
https://seraphforge.github.io/notes.nagi.tw/en/topics/competition/,https://nagi.tw/en/topics/competition/,B,same path; host/base redirect only,legacy-url-map.csv
https://seraphforge.github.io/notes.nagi.tw/en/topics/compliance,https://nagi.tw/en/topics/compliance/,B,same path; host/base redirect only,legacy-url-map.csv
https://seraphforge.github.io/notes.nagi.tw/en/topics/compliance/,https://nagi.tw/en/topics/compliance/,B,same path; host/base redirect only,legacy-url-map.csv
https://seraphforge.github.io/notes.nagi.tw/en/topics/ctf,https://nagi.tw/en/topics/ctf/,B,same path; host/base redirect only,legacy-url-map.csv
https://seraphforge.github.io/notes.nagi.tw/en/topics/ctf/,https://nagi.tw/en/topics/ctf/,B,same path; host/base redirect only,legacy-url-map.csv
https://seraphforge.github.io/notes.nagi.tw/en/topics/cybersec,https://nagi.tw/en/topics/cybersec/,B,same path; host/base redirect only,legacy-url-map.csv
https://seraphforge.github.io/notes.nagi.tw/en/topics/cybersec/,https://nagi.tw/en/topics/cybersec/,B,same path; host/base redirect only,legacy-url-map.csv
https://seraphforge.github.io/notes.nagi.tw/en/topics/cybersecurity,https://nagi.tw/en/topics/cybersecurity/,B,same path; host/base redirect only,legacy-url-map.csv
https://seraphforge.github.io/notes.nagi.tw/en/topics/cybersecurity/,https://nagi.tw/en/topics/cybersecurity/,B,same path; host/base redirect only,legacy-url-map.csv
https://seraphforge.github.io/notes.nagi.tw/en/topics/dfir,https://nagi.tw/en/topics/dfir/,B,same path; host/base redirect only,legacy-url-map.csv
https://seraphforge.github.io/notes.nagi.tw/en/topics/dfir/,https://nagi.tw/en/topics/dfir/,B,same path; host/base redirect only,legacy-url-map.csv
https://seraphforge.github.io/notes.nagi.tw/en/topics/edge-ai,https://nagi.tw/en/topics/edge-ai/,B,same path; host/base redirect only,legacy-url-map.csv
https://seraphforge.github.io/notes.nagi.tw/en/topics/edge-ai/,https://nagi.tw/en/topics/edge-ai/,B,same path; host/base redirect only,legacy-url-map.csv
https://seraphforge.github.io/notes.nagi.tw/en/topics/engineering,https://nagi.tw/en/topics/engineering/,B,same path; host/base redirect only,legacy-url-map.csv
https://seraphforge.github.io/notes.nagi.tw/en/topics/engineering/,https://nagi.tw/en/topics/engineering/,B,same path; host/base redirect only,legacy-url-map.csv
https://seraphforge.github.io/notes.nagi.tw/en/topics/financial-security,https://nagi.tw/en/topics/financial-security/,B,same path; host/base redirect only,legacy-url-map.csv
https://seraphforge.github.io/notes.nagi.tw/en/topics/financial-security/,https://nagi.tw/en/topics/financial-security/,B,same path; host/base redirect only,legacy-url-map.csv
https://seraphforge.github.io/notes.nagi.tw/en/topics/frc,https://nagi.tw/en/topics/frc/,B,same path; host/base redirect only,legacy-url-map.csv
https://seraphforge.github.io/notes.nagi.tw/en/topics/frc/,https://nagi.tw/en/topics/frc/,B,same path; host/base redirect only,legacy-url-map.csv
https://seraphforge.github.io/notes.nagi.tw/en/topics/future,https://nagi.tw/en/topics/future/,B,same path; host/base redirect only,legacy-url-map.csv
https://seraphforge.github.io/notes.nagi.tw/en/topics/future/,https://nagi.tw/en/topics/future/,B,same path; host/base redirect only,legacy-url-map.csv
https://seraphforge.github.io/notes.nagi.tw/en/topics/growth,https://nagi.tw/en/topics/growth/,B,same path; host/base redirect only,legacy-url-map.csv
https://seraphforge.github.io/notes.nagi.tw/en/topics/growth/,https://nagi.tw/en/topics/growth/,B,same path; host/base redirect only,legacy-url-map.csv
https://seraphforge.github.io/notes.nagi.tw/en/topics/healthcare,https://nagi.tw/en/topics/healthcare/,B,same path; host/base redirect only,legacy-url-map.csv
https://seraphforge.github.io/notes.nagi.tw/en/topics/healthcare-medical-iot,https://nagi.tw/en/topics/healthcare-medical-iot/,B,same path; host/base redirect only,legacy-url-map.csv
https://seraphforge.github.io/notes.nagi.tw/en/topics/healthcare-medical-iot/,https://nagi.tw/en/topics/healthcare-medical-iot/,B,same path; host/base redirect only,legacy-url-map.csv
https://seraphforge.github.io/notes.nagi.tw/en/topics/healthcare/,https://nagi.tw/en/topics/healthcare/,B,same path; host/base redirect only,legacy-url-map.csv
https://seraphforge.github.io/notes.nagi.tw/en/topics/high-school-life,https://nagi.tw/en/topics/high-school-life/,B,same path; host/base redirect only,legacy-url-map.csv
https://seraphforge.github.io/notes.nagi.tw/en/topics/high-school-life/,https://nagi.tw/en/topics/high-school-life/,B,same path; host/base redirect only,legacy-url-map.csv
https://seraphforge.github.io/notes.nagi.tw/en/topics/homelab,https://nagi.tw/en/topics/homelab/,B,same path; host/base redirect only,legacy-url-map.csv
https://seraphforge.github.io/notes.nagi.tw/en/topics/homelab/,https://nagi.tw/en/topics/homelab/,B,same path; host/base redirect only,legacy-url-map.csv
https://seraphforge.github.io/notes.nagi.tw/en/topics/incident-response,https://nagi.tw/en/topics/incident-response/,B,same path; host/base redirect only,legacy-url-map.csv
https://seraphforge.github.io/notes.nagi.tw/en/topics/incident-response/,https://nagi.tw/en/topics/incident-response/,B,same path; host/base redirect only,legacy-url-map.csv
https://seraphforge.github.io/notes.nagi.tw/en/topics/infosec-taiwan,https://nagi.tw/en/topics/infosec-taiwan/,B,same path; host/base redirect only,legacy-url-map.csv
https://seraphforge.github.io/notes.nagi.tw/en/topics/infosec-taiwan/,https://nagi.tw/en/topics/infosec-taiwan/,B,same path; host/base redirect only,legacy-url-map.csv
https://seraphforge.github.io/notes.nagi.tw/en/topics/introduction,https://nagi.tw/en/topics/introduction/,B,same path; host/base redirect only,legacy-url-map.csv
https://seraphforge.github.io/notes.nagi.tw/en/topics/introduction/,https://nagi.tw/en/topics/introduction/,B,same path; host/base redirect only,legacy-url-map.csv
https://seraphforge.github.io/notes.nagi.tw/en/topics/journey,https://nagi.tw/en/topics/journey/,B,same path; host/base redirect only,legacy-url-map.csv
https://seraphforge.github.io/notes.nagi.tw/en/topics/journey/,https://nagi.tw/en/topics/journey/,B,same path; host/base redirect only,legacy-url-map.csv
https://seraphforge.github.io/notes.nagi.tw/en/topics/malware-analysis,https://nagi.tw/en/topics/malware-analysis/,B,same path; host/base redirect only,legacy-url-map.csv
https://seraphforge.github.io/notes.nagi.tw/en/topics/malware-analysis/,https://nagi.tw/en/topics/malware-analysis/,B,same path; host/base redirect only,legacy-url-map.csv
https://seraphforge.github.io/notes.nagi.tw/en/topics/medical-cybersecurity,https://nagi.tw/en/topics/medical-cybersecurity/,B,same path; host/base redirect only,legacy-url-map.csv
https://seraphforge.github.io/notes.nagi.tw/en/topics/medical-cybersecurity/,https://nagi.tw/en/topics/medical-cybersecurity/,B,same path; host/base redirect only,legacy-url-map.csv
https://seraphforge.github.io/notes.nagi.tw/en/topics/memories,https://nagi.tw/en/topics/memories/,B,same path; host/base redirect only,legacy-url-map.csv
https://seraphforge.github.io/notes.nagi.tw/en/topics/memories/,https://nagi.tw/en/topics/memories/,B,same path; host/base redirect only,legacy-url-map.csv
https://seraphforge.github.io/notes.nagi.tw/en/topics/my-story,https://nagi.tw/en/topics/my-story/,B,same path; host/base redirect only,legacy-url-map.csv
https://seraphforge.github.io/notes.nagi.tw/en/topics/my-story/,https://nagi.tw/en/topics/my-story/,B,same path; host/base redirect only,legacy-url-map.csv
https://seraphforge.github.io/notes.nagi.tw/en/topics/ot-security,https://nagi.tw/en/topics/ot-security/,B,same path; host/base redirect only,legacy-url-map.csv
https://seraphforge.github.io/notes.nagi.tw/en/topics/ot-security/,https://nagi.tw/en/topics/ot-security/,B,same path; host/base redirect only,legacy-url-map.csv
https://seraphforge.github.io/notes.nagi.tw/en/topics/personal,https://nagi.tw/en/topics/personal/,B,same path; host/base redirect only,legacy-url-map.csv
https://seraphforge.github.io/notes.nagi.tw/en/topics/personal/,https://nagi.tw/en/topics/personal/,B,same path; host/base redirect only,legacy-url-map.csv
https://seraphforge.github.io/notes.nagi.tw/en/topics/post-quantum-cryptography,https://nagi.tw/en/topics/post-quantum-cryptography/,B,same path; host/base redirect only,legacy-url-map.csv
https://seraphforge.github.io/notes.nagi.tw/en/topics/post-quantum-cryptography/,https://nagi.tw/en/topics/post-quantum-cryptography/,B,same path; host/base redirect only,legacy-url-map.csv
https://seraphforge.github.io/notes.nagi.tw/en/topics/projects,https://nagi.tw/en/topics/projects/,B,same path; host/base redirect only,legacy-url-map.csv
https://seraphforge.github.io/notes.nagi.tw/en/topics/projects/,https://nagi.tw/en/topics/projects/,B,same path; host/base redirect only,legacy-url-map.csv
https://seraphforge.github.io/notes.nagi.tw/en/topics/raspberry-pi,https://nagi.tw/en/topics/raspberry-pi/,B,same path; host/base redirect only,legacy-url-map.csv
https://seraphforge.github.io/notes.nagi.tw/en/topics/raspberry-pi/,https://nagi.tw/en/topics/raspberry-pi/,B,same path; host/base redirect only,legacy-url-map.csv
https://seraphforge.github.io/notes.nagi.tw/en/topics/reflection,https://nagi.tw/en/topics/reflection/,B,same path; host/base redirect only,legacy-url-map.csv
https://seraphforge.github.io/notes.nagi.tw/en/topics/reflection/,https://nagi.tw/en/topics/reflection/,B,same path; host/base redirect only,legacy-url-map.csv
https://seraphforge.github.io/notes.nagi.tw/en/topics/research,https://nagi.tw/en/topics/research/,B,same path; host/base redirect only,legacy-url-map.csv
https://seraphforge.github.io/notes.nagi.tw/en/topics/research/,https://nagi.tw/en/topics/research/,B,same path; host/base redirect only,legacy-url-map.csv
https://seraphforge.github.io/notes.nagi.tw/en/topics/responsible-security-culture,https://nagi.tw/en/topics/responsible-security-culture/,B,same path; host/base redirect only,legacy-url-map.csv
https://seraphforge.github.io/notes.nagi.tw/en/topics/responsible-security-culture/,https://nagi.tw/en/topics/responsible-security-culture/,B,same path; host/base redirect only,legacy-url-map.csv
https://seraphforge.github.io/notes.nagi.tw/en/topics/retail,https://nagi.tw/en/topics/retail/,B,same path; host/base redirect only,legacy-url-map.csv
https://seraphforge.github.io/notes.nagi.tw/en/topics/retail/,https://nagi.tw/en/topics/retail/,B,same path; host/base redirect only,legacy-url-map.csv
https://seraphforge.github.io/notes.nagi.tw/en/topics/robotics,https://nagi.tw/en/topics/robotics/,B,same path; host/base redirect only,legacy-url-map.csv
https://seraphforge.github.io/notes.nagi.tw/en/topics/robotics/,https://nagi.tw/en/topics/robotics/,B,same path; host/base redirect only,legacy-url-map.csv
https://seraphforge.github.io/notes.nagi.tw/en/topics/security,https://nagi.tw/en/topics/security/,B,same path; host/base redirect only,legacy-url-map.csv
https://seraphforge.github.io/notes.nagi.tw/en/topics/security-culture,https://nagi.tw/en/topics/security-culture/,B,same path; host/base redirect only,legacy-url-map.csv
https://seraphforge.github.io/notes.nagi.tw/en/topics/security-culture/,https://nagi.tw/en/topics/security-culture/,B,same path; host/base redirect only,legacy-url-map.csv
https://seraphforge.github.io/notes.nagi.tw/en/topics/security/,https://nagi.tw/en/topics/security/,B,same path; host/base redirect only,legacy-url-map.csv
https://seraphforge.github.io/notes.nagi.tw/en/topics/sme-security,https://nagi.tw/en/topics/sme-security/,B,same path; host/base redirect only,legacy-url-map.csv
https://seraphforge.github.io/notes.nagi.tw/en/topics/sme-security/,https://nagi.tw/en/topics/sme-security/,B,same path; host/base redirect only,legacy-url-map.csv
https://seraphforge.github.io/notes.nagi.tw/en/topics/soc,https://nagi.tw/en/topics/soc/,B,same path; host/base redirect only,legacy-url-map.csv
https://seraphforge.github.io/notes.nagi.tw/en/topics/soc/,https://nagi.tw/en/topics/soc/,B,same path; host/base redirect only,legacy-url-map.csv
https://seraphforge.github.io/notes.nagi.tw/en/topics/students,https://nagi.tw/en/topics/students/,B,same path; host/base redirect only,legacy-url-map.csv
https://seraphforge.github.io/notes.nagi.tw/en/topics/students/,https://nagi.tw/en/topics/students/,B,same path; host/base redirect only,legacy-url-map.csv
https://seraphforge.github.io/notes.nagi.tw/en/topics/windows-forensics,https://nagi.tw/en/topics/windows-forensics/,B,same path; host/base redirect only,legacy-url-map.csv
https://seraphforge.github.io/notes.nagi.tw/en/topics/windows-forensics/,https://nagi.tw/en/topics/windows-forensics/,B,same path; host/base redirect only,legacy-url-map.csv
https://seraphforge.github.io/notes.nagi.tw/en/topics/windows-malware,https://nagi.tw/en/topics/windows-malware/,B,same path; host/base redirect only,legacy-url-map.csv
https://seraphforge.github.io/notes.nagi.tw/en/topics/windows-malware/,https://nagi.tw/en/topics/windows-malware/,B,same path; host/base redirect only,legacy-url-map.csv
https://seraphforge.github.io/notes.nagi.tw/en/topics/wireshark,https://nagi.tw/en/topics/wireshark/,B,same path; host/base redirect only,legacy-url-map.csv
https://seraphforge.github.io/notes.nagi.tw/en/topics/wireshark/,https://nagi.tw/en/topics/wireshark/,B,same path; host/base redirect only,legacy-url-map.csv
https://seraphforge.github.io/notes.nagi.tw/en/topics/zero-trust,https://nagi.tw/en/topics/zero-trust/,B,same path; host/base redirect only,legacy-url-map.csv
https://seraphforge.github.io/notes.nagi.tw/en/topics/zero-trust/,https://nagi.tw/en/topics/zero-trust/,B,same path; host/base redirect only,legacy-url-map.csv
https://seraphforge.github.io/notes.nagi.tw/experience,https://nagi.tw/experience/,B,same path; host/base redirect only,legacy-url-map.csv
https://seraphforge.github.io/notes.nagi.tw/experience/,https://nagi.tw/experience/,B,same path; host/base redirect only,legacy-url-map.csv
https://seraphforge.github.io/notes.nagi.tw/ja,https://nagi.tw/ja/,B,same path; host/base redirect only,legacy-url-map.csv
https://seraphforge.github.io/notes.nagi.tw/ja/,https://nagi.tw/ja/,B,same path; host/base redirect only,legacy-url-map.csv
https://seraphforge.github.io/notes.nagi.tw/ja/about,https://nagi.tw/ja/about/,B,same path; host/base redirect only,legacy-url-map.csv
https://seraphforge.github.io/notes.nagi.tw/ja/about/,https://nagi.tw/ja/about/,B,same path; host/base redirect only,legacy-url-map.csv
https://seraphforge.github.io/notes.nagi.tw/ja/archive,https://nagi.tw/ja/archive/,B,same path; host/base redirect only,legacy-url-map.csv
https://seraphforge.github.io/notes.nagi.tw/ja/archive/,https://nagi.tw/ja/archive/,B,same path; host/base redirect only,legacy-url-map.csv
https://seraphforge.github.io/notes.nagi.tw/ja/articles,https://nagi.tw/ja/articles/,B,same path; host/base redirect only,legacy-url-map.csv
https://seraphforge.github.io/notes.nagi.tw/ja/articles/,https://nagi.tw/ja/articles/,B,same path; host/base redirect only,legacy-url-map.csv
https://seraphforge.github.io/notes.nagi.tw/ja/articles/2026-security-conference,https://nagi.tw/ja/articles/2026-security-conference/,B,same path; host/base redirect only,legacy-url-map.csv
https://seraphforge.github.io/notes.nagi.tw/ja/articles/2026-security-conference/,https://nagi.tw/ja/articles/2026-security-conference/,B,same path; host/base redirect only,legacy-url-map.csv
https://seraphforge.github.io/notes.nagi.tw/ja/articles/ctf-meets-malware-analysis-windows,https://nagi.tw/ja/articles/ctf-meets-malware-analysis-windows/,B,same path; host/base redirect only,legacy-url-map.csv
https://seraphforge.github.io/notes.nagi.tw/ja/articles/ctf-meets-malware-analysis-windows/,https://nagi.tw/ja/articles/ctf-meets-malware-analysis-windows/,B,same path; host/base redirect only,legacy-url-map.csv
https://seraphforge.github.io/notes.nagi.tw/ja/articles/first-hackathon-in-university,https://nagi.tw/ja/articles/first-hackathon-in-university/,B,same path; host/base redirect only,legacy-url-map.csv
https://seraphforge.github.io/notes.nagi.tw/ja/articles/first-hackathon-in-university/,https://nagi.tw/ja/articles/first-hackathon-in-university/,B,same path; host/base redirect only,legacy-url-map.csv
https://seraphforge.github.io/notes.nagi.tw/ja/articles/frc-engineering-team,https://nagi.tw/ja/articles/frc-engineering-team/,B,same path; host/base redirect only,legacy-url-map.csv
https://seraphforge.github.io/notes.nagi.tw/ja/articles/frc-engineering-team/,https://nagi.tw/ja/articles/frc-engineering-team/,B,same path; host/base redirect only,legacy-url-map.csv
https://seraphforge.github.io/notes.nagi.tw/ja/articles/infosec-taiwan-2026-student-industry-gap,https://nagi.tw/ja/articles/infosec-taiwan-2026-student-industry-gap/,B,same path; host/base redirect only,legacy-url-map.csv
https://seraphforge.github.io/notes.nagi.tw/ja/articles/infosec-taiwan-2026-student-industry-gap/,https://nagi.tw/ja/articles/infosec-taiwan-2026-student-industry-gap/,B,same path; host/base redirect only,legacy-url-map.csv
https://seraphforge.github.io/notes.nagi.tw/ja/articles/not-everyone-has-to-walk-the-same-road,https://nagi.tw/ja/articles/not-everyone-has-to-walk-the-same-road/,B,same path; host/base redirect only,legacy-url-map.csv
https://seraphforge.github.io/notes.nagi.tw/ja/articles/not-everyone-has-to-walk-the-same-road/,https://nagi.tw/ja/articles/not-everyone-has-to-walk-the-same-road/,B,same path; host/base redirect only,legacy-url-map.csv
https://seraphforge.github.io/notes.nagi.tw/ja/articles/nurse-made-me-rethink-medical-cybersecurity,https://nagi.tw/ja/articles/nurse-made-me-rethink-medical-cybersecurity/,B,same path; host/base redirect only,legacy-url-map.csv
https://seraphforge.github.io/notes.nagi.tw/ja/articles/nurse-made-me-rethink-medical-cybersecurity/,https://nagi.tw/ja/articles/nurse-made-me-rethink-medical-cybersecurity/,B,same path; host/base redirect only,legacy-url-map.csv
https://seraphforge.github.io/notes.nagi.tw/ja/articles/prologue-the-people-i-met-along-the-way,https://nagi.tw/ja/articles/prologue-the-people-i-met-along-the-way/,B,same path; host/base redirect only,legacy-url-map.csv
https://seraphforge.github.io/notes.nagi.tw/ja/articles/prologue-the-people-i-met-along-the-way/,https://nagi.tw/ja/articles/prologue-the-people-i-met-along-the-way/,B,same path; host/base redirect only,legacy-url-map.csv
https://seraphforge.github.io/notes.nagi.tw/ja/articles/recent-projects-and-life-update,https://nagi.tw/ja/articles/recent-projects-and-life-update/,B,same path; host/base redirect only,legacy-url-map.csv
https://seraphforge.github.io/notes.nagi.tw/ja/articles/recent-projects-and-life-update/,https://nagi.tw/ja/articles/recent-projects-and-life-update/,B,same path; host/base redirect only,legacy-url-map.csv
https://seraphforge.github.io/notes.nagi.tw/ja/articles/retail-work-sme-security-culture,https://nagi.tw/ja/articles/retail-work-sme-security-culture/,B,same path; host/base redirect only,legacy-url-map.csv
https://seraphforge.github.io/notes.nagi.tw/ja/articles/retail-work-sme-security-culture/,https://nagi.tw/ja/articles/retail-work-sme-security-culture/,B,same path; host/base redirect only,legacy-url-map.csv
https://seraphforge.github.io/notes.nagi.tw/ja/articles/ten-years-from-now-dont-forget-who-you-are-now,https://nagi.tw/ja/articles/ten-years-from-now-dont-forget-who-you-are-now/,B,same path; host/base redirect only,legacy-url-map.csv
https://seraphforge.github.io/notes.nagi.tw/ja/articles/ten-years-from-now-dont-forget-who-you-are-now/,https://nagi.tw/ja/articles/ten-years-from-now-dont-forget-who-you-are-now/,B,same path; host/base redirect only,legacy-url-map.csv
https://seraphforge.github.io/notes.nagi.tw/ja/experience,https://nagi.tw/ja/experience/,B,same path; host/base redirect only,legacy-url-map.csv
https://seraphforge.github.io/notes.nagi.tw/ja/experience/,https://nagi.tw/ja/experience/,B,same path; host/base redirect only,legacy-url-map.csv
https://seraphforge.github.io/notes.nagi.tw/ja/topics,https://nagi.tw/ja/topics/,B,same path; host/base redirect only,legacy-url-map.csv
https://seraphforge.github.io/notes.nagi.tw/ja/topics/,https://nagi.tw/ja/topics/,B,same path; host/base redirect only,legacy-url-map.csv
https://seraphforge.github.io/notes.nagi.tw/ja/topics/%E8%BF%91%E6%B3%81,https://nagi.tw/ja/topics/%E8%BF%91%E6%B3%81/,B,same path; host/base redirect only,legacy-url-map.csv
https://seraphforge.github.io/notes.nagi.tw/ja/topics/%E8%BF%91%E6%B3%81/,https://nagi.tw/ja/topics/%E8%BF%91%E6%B3%81/,B,same path; host/base redirect only,legacy-url-map.csv
https://seraphforge.github.io/notes.nagi.tw/ja/topics/2026-cybersecurity-conference,https://nagi.tw/ja/topics/2026-cybersecurity-conference/,B,same path; host/base redirect only,legacy-url-map.csv
https://seraphforge.github.io/notes.nagi.tw/ja/topics/2026-cybersecurity-conference/,https://nagi.tw/ja/topics/2026-cybersecurity-conference/,B,same path; host/base redirect only,legacy-url-map.csv
https://seraphforge.github.io/notes.nagi.tw/ja/topics/ai,https://nagi.tw/ja/topics/ai/,B,same path; host/base redirect only,legacy-url-map.csv
https://seraphforge.github.io/notes.nagi.tw/ja/topics/ai-security,https://nagi.tw/ja/topics/ai-security/,B,same path; host/base redirect only,legacy-url-map.csv
https://seraphforge.github.io/notes.nagi.tw/ja/topics/ai-security/,https://nagi.tw/ja/topics/ai-security/,B,same path; host/base redirect only,legacy-url-map.csv
https://seraphforge.github.io/notes.nagi.tw/ja/topics/ai-soc,https://nagi.tw/ja/topics/ai-soc/,B,same path; host/base redirect only,legacy-url-map.csv
https://seraphforge.github.io/notes.nagi.tw/ja/topics/ai-soc/,https://nagi.tw/ja/topics/ai-soc/,B,same path; host/base redirect only,legacy-url-map.csv
https://seraphforge.github.io/notes.nagi.tw/ja/topics/ai/,https://nagi.tw/ja/topics/ai/,B,same path; host/base redirect only,legacy-url-map.csv
https://seraphforge.github.io/notes.nagi.tw/ja/topics/blue-team,https://nagi.tw/ja/topics/blue-team/,B,same path; host/base redirect only,legacy-url-map.csv
https://seraphforge.github.io/notes.nagi.tw/ja/topics/blue-team/,https://nagi.tw/ja/topics/blue-team/,B,same path; host/base redirect only,legacy-url-map.csv
https://seraphforge.github.io/notes.nagi.tw/ja/topics/career,https://nagi.tw/ja/topics/career/,B,same path; host/base redirect only,legacy-url-map.csv
https://seraphforge.github.io/notes.nagi.tw/ja/topics/career/,https://nagi.tw/ja/topics/career/,B,same path; host/base redirect only,legacy-url-map.csv
https://seraphforge.github.io/notes.nagi.tw/ja/topics/choices,https://nagi.tw/ja/topics/choices/,B,same path; host/base redirect only,legacy-url-map.csv
https://seraphforge.github.io/notes.nagi.tw/ja/topics/choices/,https://nagi.tw/ja/topics/choices/,B,same path; host/base redirect only,legacy-url-map.csv
https://seraphforge.github.io/notes.nagi.tw/ja/topics/competition,https://nagi.tw/ja/topics/competition/,B,same path; host/base redirect only,legacy-url-map.csv
https://seraphforge.github.io/notes.nagi.tw/ja/topics/competition/,https://nagi.tw/ja/topics/competition/,B,same path; host/base redirect only,legacy-url-map.csv
https://seraphforge.github.io/notes.nagi.tw/ja/topics/compliance,https://nagi.tw/ja/topics/compliance/,B,same path; host/base redirect only,legacy-url-map.csv
https://seraphforge.github.io/notes.nagi.tw/ja/topics/compliance/,https://nagi.tw/ja/topics/compliance/,B,same path; host/base redirect only,legacy-url-map.csv
https://seraphforge.github.io/notes.nagi.tw/ja/topics/ctf,https://nagi.tw/ja/topics/ctf/,B,same path; host/base redirect only,legacy-url-map.csv
https://seraphforge.github.io/notes.nagi.tw/ja/topics/ctf/,https://nagi.tw/ja/topics/ctf/,B,same path; host/base redirect only,legacy-url-map.csv
https://seraphforge.github.io/notes.nagi.tw/ja/topics/cybersec,https://nagi.tw/ja/topics/cybersec/,B,same path; host/base redirect only,legacy-url-map.csv
https://seraphforge.github.io/notes.nagi.tw/ja/topics/cybersec/,https://nagi.tw/ja/topics/cybersec/,B,same path; host/base redirect only,legacy-url-map.csv
https://seraphforge.github.io/notes.nagi.tw/ja/topics/cybersecurity,https://nagi.tw/ja/topics/cybersecurity/,B,same path; host/base redirect only,legacy-url-map.csv
https://seraphforge.github.io/notes.nagi.tw/ja/topics/cybersecurity/,https://nagi.tw/ja/topics/cybersecurity/,B,same path; host/base redirect only,legacy-url-map.csv
https://seraphforge.github.io/notes.nagi.tw/ja/topics/dfir,https://nagi.tw/ja/topics/dfir/,B,same path; host/base redirect only,legacy-url-map.csv
https://seraphforge.github.io/notes.nagi.tw/ja/topics/dfir/,https://nagi.tw/ja/topics/dfir/,B,same path; host/base redirect only,legacy-url-map.csv
https://seraphforge.github.io/notes.nagi.tw/ja/topics/edge-ai,https://nagi.tw/ja/topics/edge-ai/,B,same path; host/base redirect only,legacy-url-map.csv
https://seraphforge.github.io/notes.nagi.tw/ja/topics/edge-ai/,https://nagi.tw/ja/topics/edge-ai/,B,same path; host/base redirect only,legacy-url-map.csv
https://seraphforge.github.io/notes.nagi.tw/ja/topics/engineering,https://nagi.tw/ja/topics/engineering/,B,same path; host/base redirect only,legacy-url-map.csv
https://seraphforge.github.io/notes.nagi.tw/ja/topics/engineering/,https://nagi.tw/ja/topics/engineering/,B,same path; host/base redirect only,legacy-url-map.csv
https://seraphforge.github.io/notes.nagi.tw/ja/topics/financial-security,https://nagi.tw/ja/topics/financial-security/,B,same path; host/base redirect only,legacy-url-map.csv
https://seraphforge.github.io/notes.nagi.tw/ja/topics/financial-security/,https://nagi.tw/ja/topics/financial-security/,B,same path; host/base redirect only,legacy-url-map.csv
https://seraphforge.github.io/notes.nagi.tw/ja/topics/frc,https://nagi.tw/ja/topics/frc/,B,same path; host/base redirect only,legacy-url-map.csv
https://seraphforge.github.io/notes.nagi.tw/ja/topics/frc/,https://nagi.tw/ja/topics/frc/,B,same path; host/base redirect only,legacy-url-map.csv
https://seraphforge.github.io/notes.nagi.tw/ja/topics/future,https://nagi.tw/ja/topics/future/,B,same path; host/base redirect only,legacy-url-map.csv
https://seraphforge.github.io/notes.nagi.tw/ja/topics/future/,https://nagi.tw/ja/topics/future/,B,same path; host/base redirect only,legacy-url-map.csv
https://seraphforge.github.io/notes.nagi.tw/ja/topics/growth,https://nagi.tw/ja/topics/growth/,B,same path; host/base redirect only,legacy-url-map.csv
https://seraphforge.github.io/notes.nagi.tw/ja/topics/growth/,https://nagi.tw/ja/topics/growth/,B,same path; host/base redirect only,legacy-url-map.csv
https://seraphforge.github.io/notes.nagi.tw/ja/topics/healthcare,https://nagi.tw/ja/topics/healthcare/,B,same path; host/base redirect only,legacy-url-map.csv
https://seraphforge.github.io/notes.nagi.tw/ja/topics/healthcare-medical-iot,https://nagi.tw/ja/topics/healthcare-medical-iot/,B,same path; host/base redirect only,legacy-url-map.csv
https://seraphforge.github.io/notes.nagi.tw/ja/topics/healthcare-medical-iot/,https://nagi.tw/ja/topics/healthcare-medical-iot/,B,same path; host/base redirect only,legacy-url-map.csv
https://seraphforge.github.io/notes.nagi.tw/ja/topics/healthcare/,https://nagi.tw/ja/topics/healthcare/,B,same path; host/base redirect only,legacy-url-map.csv
https://seraphforge.github.io/notes.nagi.tw/ja/topics/high-school-life,https://nagi.tw/ja/topics/high-school-life/,B,same path; host/base redirect only,legacy-url-map.csv
https://seraphforge.github.io/notes.nagi.tw/ja/topics/high-school-life/,https://nagi.tw/ja/topics/high-school-life/,B,same path; host/base redirect only,legacy-url-map.csv
https://seraphforge.github.io/notes.nagi.tw/ja/topics/homelab,https://nagi.tw/ja/topics/homelab/,B,same path; host/base redirect only,legacy-url-map.csv
https://seraphforge.github.io/notes.nagi.tw/ja/topics/homelab/,https://nagi.tw/ja/topics/homelab/,B,same path; host/base redirect only,legacy-url-map.csv
https://seraphforge.github.io/notes.nagi.tw/ja/topics/incident-response,https://nagi.tw/ja/topics/incident-response/,B,same path; host/base redirect only,legacy-url-map.csv
https://seraphforge.github.io/notes.nagi.tw/ja/topics/incident-response/,https://nagi.tw/ja/topics/incident-response/,B,same path; host/base redirect only,legacy-url-map.csv
https://seraphforge.github.io/notes.nagi.tw/ja/topics/infosec-taiwan,https://nagi.tw/ja/topics/infosec-taiwan/,B,same path; host/base redirect only,legacy-url-map.csv
https://seraphforge.github.io/notes.nagi.tw/ja/topics/infosec-taiwan/,https://nagi.tw/ja/topics/infosec-taiwan/,B,same path; host/base redirect only,legacy-url-map.csv
https://seraphforge.github.io/notes.nagi.tw/ja/topics/introduction,https://nagi.tw/ja/topics/introduction/,B,same path; host/base redirect only,legacy-url-map.csv
https://seraphforge.github.io/notes.nagi.tw/ja/topics/introduction/,https://nagi.tw/ja/topics/introduction/,B,same path; host/base redirect only,legacy-url-map.csv
https://seraphforge.github.io/notes.nagi.tw/ja/topics/journey,https://nagi.tw/ja/topics/journey/,B,same path; host/base redirect only,legacy-url-map.csv
https://seraphforge.github.io/notes.nagi.tw/ja/topics/journey/,https://nagi.tw/ja/topics/journey/,B,same path; host/base redirect only,legacy-url-map.csv
https://seraphforge.github.io/notes.nagi.tw/ja/topics/malware-analysis,https://nagi.tw/ja/topics/malware-analysis/,B,same path; host/base redirect only,legacy-url-map.csv
https://seraphforge.github.io/notes.nagi.tw/ja/topics/malware-analysis/,https://nagi.tw/ja/topics/malware-analysis/,B,same path; host/base redirect only,legacy-url-map.csv
https://seraphforge.github.io/notes.nagi.tw/ja/topics/medical-cybersecurity,https://nagi.tw/ja/topics/medical-cybersecurity/,B,same path; host/base redirect only,legacy-url-map.csv
https://seraphforge.github.io/notes.nagi.tw/ja/topics/medical-cybersecurity/,https://nagi.tw/ja/topics/medical-cybersecurity/,B,same path; host/base redirect only,legacy-url-map.csv
https://seraphforge.github.io/notes.nagi.tw/ja/topics/memories,https://nagi.tw/ja/topics/memories/,B,same path; host/base redirect only,legacy-url-map.csv
https://seraphforge.github.io/notes.nagi.tw/ja/topics/memories/,https://nagi.tw/ja/topics/memories/,B,same path; host/base redirect only,legacy-url-map.csv
https://seraphforge.github.io/notes.nagi.tw/ja/topics/my-story,https://nagi.tw/ja/topics/my-story/,B,same path; host/base redirect only,legacy-url-map.csv
https://seraphforge.github.io/notes.nagi.tw/ja/topics/my-story/,https://nagi.tw/ja/topics/my-story/,B,same path; host/base redirect only,legacy-url-map.csv
https://seraphforge.github.io/notes.nagi.tw/ja/topics/ot-security,https://nagi.tw/ja/topics/ot-security/,B,same path; host/base redirect only,legacy-url-map.csv
https://seraphforge.github.io/notes.nagi.tw/ja/topics/ot-security/,https://nagi.tw/ja/topics/ot-security/,B,same path; host/base redirect only,legacy-url-map.csv
https://seraphforge.github.io/notes.nagi.tw/ja/topics/personal,https://nagi.tw/ja/topics/personal/,B,same path; host/base redirect only,legacy-url-map.csv
https://seraphforge.github.io/notes.nagi.tw/ja/topics/personal/,https://nagi.tw/ja/topics/personal/,B,same path; host/base redirect only,legacy-url-map.csv
https://seraphforge.github.io/notes.nagi.tw/ja/topics/post-quantum-cryptography,https://nagi.tw/ja/topics/post-quantum-cryptography/,B,same path; host/base redirect only,legacy-url-map.csv
https://seraphforge.github.io/notes.nagi.tw/ja/topics/post-quantum-cryptography/,https://nagi.tw/ja/topics/post-quantum-cryptography/,B,same path; host/base redirect only,legacy-url-map.csv
https://seraphforge.github.io/notes.nagi.tw/ja/topics/projects,https://nagi.tw/ja/topics/projects/,B,same path; host/base redirect only,legacy-url-map.csv
https://seraphforge.github.io/notes.nagi.tw/ja/topics/projects/,https://nagi.tw/ja/topics/projects/,B,same path; host/base redirect only,legacy-url-map.csv
https://seraphforge.github.io/notes.nagi.tw/ja/topics/raspberry-pi,https://nagi.tw/ja/topics/raspberry-pi/,B,same path; host/base redirect only,legacy-url-map.csv
https://seraphforge.github.io/notes.nagi.tw/ja/topics/raspberry-pi/,https://nagi.tw/ja/topics/raspberry-pi/,B,same path; host/base redirect only,legacy-url-map.csv
https://seraphforge.github.io/notes.nagi.tw/ja/topics/reflection,https://nagi.tw/ja/topics/reflection/,B,same path; host/base redirect only,legacy-url-map.csv
https://seraphforge.github.io/notes.nagi.tw/ja/topics/reflection/,https://nagi.tw/ja/topics/reflection/,B,same path; host/base redirect only,legacy-url-map.csv
https://seraphforge.github.io/notes.nagi.tw/ja/topics/research,https://nagi.tw/ja/topics/research/,B,same path; host/base redirect only,legacy-url-map.csv
https://seraphforge.github.io/notes.nagi.tw/ja/topics/research/,https://nagi.tw/ja/topics/research/,B,same path; host/base redirect only,legacy-url-map.csv
https://seraphforge.github.io/notes.nagi.tw/ja/topics/responsible-security-culture,https://nagi.tw/ja/topics/responsible-security-culture/,B,same path; host/base redirect only,legacy-url-map.csv
https://seraphforge.github.io/notes.nagi.tw/ja/topics/responsible-security-culture/,https://nagi.tw/ja/topics/responsible-security-culture/,B,same path; host/base redirect only,legacy-url-map.csv
https://seraphforge.github.io/notes.nagi.tw/ja/topics/retail,https://nagi.tw/ja/topics/retail/,B,same path; host/base redirect only,legacy-url-map.csv
https://seraphforge.github.io/notes.nagi.tw/ja/topics/retail/,https://nagi.tw/ja/topics/retail/,B,same path; host/base redirect only,legacy-url-map.csv
https://seraphforge.github.io/notes.nagi.tw/ja/topics/robotics,https://nagi.tw/ja/topics/robotics/,B,same path; host/base redirect only,legacy-url-map.csv
https://seraphforge.github.io/notes.nagi.tw/ja/topics/robotics/,https://nagi.tw/ja/topics/robotics/,B,same path; host/base redirect only,legacy-url-map.csv
https://seraphforge.github.io/notes.nagi.tw/ja/topics/security,https://nagi.tw/ja/topics/security/,B,same path; host/base redirect only,legacy-url-map.csv
https://seraphforge.github.io/notes.nagi.tw/ja/topics/security-culture,https://nagi.tw/ja/topics/security-culture/,B,same path; host/base redirect only,legacy-url-map.csv
https://seraphforge.github.io/notes.nagi.tw/ja/topics/security-culture/,https://nagi.tw/ja/topics/security-culture/,B,same path; host/base redirect only,legacy-url-map.csv
https://seraphforge.github.io/notes.nagi.tw/ja/topics/security/,https://nagi.tw/ja/topics/security/,B,same path; host/base redirect only,legacy-url-map.csv
https://seraphforge.github.io/notes.nagi.tw/ja/topics/sme-security,https://nagi.tw/ja/topics/sme-security/,B,same path; host/base redirect only,legacy-url-map.csv
https://seraphforge.github.io/notes.nagi.tw/ja/topics/sme-security/,https://nagi.tw/ja/topics/sme-security/,B,same path; host/base redirect only,legacy-url-map.csv
https://seraphforge.github.io/notes.nagi.tw/ja/topics/soc,https://nagi.tw/ja/topics/soc/,B,same path; host/base redirect only,legacy-url-map.csv
https://seraphforge.github.io/notes.nagi.tw/ja/topics/soc/,https://nagi.tw/ja/topics/soc/,B,same path; host/base redirect only,legacy-url-map.csv
https://seraphforge.github.io/notes.nagi.tw/ja/topics/students,https://nagi.tw/ja/topics/students/,B,same path; host/base redirect only,legacy-url-map.csv
https://seraphforge.github.io/notes.nagi.tw/ja/topics/students/,https://nagi.tw/ja/topics/students/,B,same path; host/base redirect only,legacy-url-map.csv
https://seraphforge.github.io/notes.nagi.tw/ja/topics/windows-forensics,https://nagi.tw/ja/topics/windows-forensics/,B,same path; host/base redirect only,legacy-url-map.csv
https://seraphforge.github.io/notes.nagi.tw/ja/topics/windows-forensics/,https://nagi.tw/ja/topics/windows-forensics/,B,same path; host/base redirect only,legacy-url-map.csv
https://seraphforge.github.io/notes.nagi.tw/ja/topics/windows-malware,https://nagi.tw/ja/topics/windows-malware/,B,same path; host/base redirect only,legacy-url-map.csv
https://seraphforge.github.io/notes.nagi.tw/ja/topics/windows-malware/,https://nagi.tw/ja/topics/windows-malware/,B,same path; host/base redirect only,legacy-url-map.csv
https://seraphforge.github.io/notes.nagi.tw/ja/topics/wireshark,https://nagi.tw/ja/topics/wireshark/,B,same path; host/base redirect only,legacy-url-map.csv
https://seraphforge.github.io/notes.nagi.tw/ja/topics/wireshark/,https://nagi.tw/ja/topics/wireshark/,B,same path; host/base redirect only,legacy-url-map.csv
https://seraphforge.github.io/notes.nagi.tw/ja/topics/zero-trust,https://nagi.tw/ja/topics/zero-trust/,B,same path; host/base redirect only,legacy-url-map.csv
https://seraphforge.github.io/notes.nagi.tw/ja/topics/zero-trust/,https://nagi.tw/ja/topics/zero-trust/,B,same path; host/base redirect only,legacy-url-map.csv
https://seraphforge.github.io/notes.nagi.tw/robots.txt,https://nagi.tw/robots.txt,B,same path; host/base redirect only,legacy-url-map.csv
https://seraphforge.github.io/notes.nagi.tw/rss.xml,https://nagi.tw/rss.xml,B,same path; host/base redirect only,legacy-url-map.csv
https://seraphforge.github.io/notes.nagi.tw/search-index.json,https://nagi.tw/search-index.json,B,same path; host/base redirect only,legacy-url-map.csv
https://seraphforge.github.io/notes.nagi.tw/sitemap-0.xml,https://nagi.tw/sitemap-0.xml,B,same path; host/base redirect only,legacy-url-map.csv
https://seraphforge.github.io/notes.nagi.tw/sitemap-index.xml,https://nagi.tw/sitemap-index.xml,B,same path; host/base redirect only,legacy-url-map.csv
https://seraphforge.github.io/notes.nagi.tw/topics,https://nagi.tw/topics/,B,same path; host/base redirect only,legacy-url-map.csv
https://seraphforge.github.io/notes.nagi.tw/topics/,https://nagi.tw/topics/,B,same path; host/base redirect only,legacy-url-map.csv
https://seraphforge.github.io/notes.nagi.tw/topics/%E8%BF%91%E6%B3%81,https://nagi.tw/topics/%E8%BF%91%E6%B3%81/,B,same path; host/base redirect only,legacy-url-map.csv
https://seraphforge.github.io/notes.nagi.tw/topics/%E8%BF%91%E6%B3%81/,https://nagi.tw/topics/%E8%BF%91%E6%B3%81/,B,same path; host/base redirect only,legacy-url-map.csv
https://seraphforge.github.io/notes.nagi.tw/topics/2026-cybersecurity-conference,https://nagi.tw/topics/2026-cybersecurity-conference/,B,same path; host/base redirect only,legacy-url-map.csv
https://seraphforge.github.io/notes.nagi.tw/topics/2026-cybersecurity-conference/,https://nagi.tw/topics/2026-cybersecurity-conference/,B,same path; host/base redirect only,legacy-url-map.csv
https://seraphforge.github.io/notes.nagi.tw/topics/ai,https://nagi.tw/topics/ai/,B,same path; host/base redirect only,legacy-url-map.csv
https://seraphforge.github.io/notes.nagi.tw/topics/ai-security,https://nagi.tw/topics/ai-security/,B,same path; host/base redirect only,legacy-url-map.csv
https://seraphforge.github.io/notes.nagi.tw/topics/ai-security/,https://nagi.tw/topics/ai-security/,B,same path; host/base redirect only,legacy-url-map.csv
https://seraphforge.github.io/notes.nagi.tw/topics/ai-soc,https://nagi.tw/topics/ai-soc/,B,same path; host/base redirect only,legacy-url-map.csv
https://seraphforge.github.io/notes.nagi.tw/topics/ai-soc/,https://nagi.tw/topics/ai-soc/,B,same path; host/base redirect only,legacy-url-map.csv
https://seraphforge.github.io/notes.nagi.tw/topics/ai/,https://nagi.tw/topics/ai/,B,same path; host/base redirect only,legacy-url-map.csv
https://seraphforge.github.io/notes.nagi.tw/topics/blue-team,https://nagi.tw/topics/blue-team/,B,same path; host/base redirect only,legacy-url-map.csv
https://seraphforge.github.io/notes.nagi.tw/topics/blue-team/,https://nagi.tw/topics/blue-team/,B,same path; host/base redirect only,legacy-url-map.csv
https://seraphforge.github.io/notes.nagi.tw/topics/career,https://nagi.tw/topics/career/,B,same path; host/base redirect only,legacy-url-map.csv
https://seraphforge.github.io/notes.nagi.tw/topics/career/,https://nagi.tw/topics/career/,B,same path; host/base redirect only,legacy-url-map.csv
https://seraphforge.github.io/notes.nagi.tw/topics/choices,https://nagi.tw/topics/choices/,B,same path; host/base redirect only,legacy-url-map.csv
https://seraphforge.github.io/notes.nagi.tw/topics/choices/,https://nagi.tw/topics/choices/,B,same path; host/base redirect only,legacy-url-map.csv
https://seraphforge.github.io/notes.nagi.tw/topics/competition,https://nagi.tw/topics/competition/,B,same path; host/base redirect only,legacy-url-map.csv
https://seraphforge.github.io/notes.nagi.tw/topics/competition/,https://nagi.tw/topics/competition/,B,same path; host/base redirect only,legacy-url-map.csv
https://seraphforge.github.io/notes.nagi.tw/topics/compliance,https://nagi.tw/topics/compliance/,B,same path; host/base redirect only,legacy-url-map.csv
https://seraphforge.github.io/notes.nagi.tw/topics/compliance/,https://nagi.tw/topics/compliance/,B,same path; host/base redirect only,legacy-url-map.csv
https://seraphforge.github.io/notes.nagi.tw/topics/ctf,https://nagi.tw/topics/ctf/,B,same path; host/base redirect only,legacy-url-map.csv
https://seraphforge.github.io/notes.nagi.tw/topics/ctf/,https://nagi.tw/topics/ctf/,B,same path; host/base redirect only,legacy-url-map.csv
https://seraphforge.github.io/notes.nagi.tw/topics/cybersec,https://nagi.tw/topics/cybersec/,B,same path; host/base redirect only,legacy-url-map.csv
https://seraphforge.github.io/notes.nagi.tw/topics/cybersec/,https://nagi.tw/topics/cybersec/,B,same path; host/base redirect only,legacy-url-map.csv
https://seraphforge.github.io/notes.nagi.tw/topics/cybersecurity,https://nagi.tw/topics/cybersecurity/,B,same path; host/base redirect only,legacy-url-map.csv
https://seraphforge.github.io/notes.nagi.tw/topics/cybersecurity/,https://nagi.tw/topics/cybersecurity/,B,same path; host/base redirect only,legacy-url-map.csv
https://seraphforge.github.io/notes.nagi.tw/topics/dfir,https://nagi.tw/topics/dfir/,B,same path; host/base redirect only,legacy-url-map.csv
https://seraphforge.github.io/notes.nagi.tw/topics/dfir/,https://nagi.tw/topics/dfir/,B,same path; host/base redirect only,legacy-url-map.csv
https://seraphforge.github.io/notes.nagi.tw/topics/edge-ai,https://nagi.tw/topics/edge-ai/,B,same path; host/base redirect only,legacy-url-map.csv
https://seraphforge.github.io/notes.nagi.tw/topics/edge-ai/,https://nagi.tw/topics/edge-ai/,B,same path; host/base redirect only,legacy-url-map.csv
https://seraphforge.github.io/notes.nagi.tw/topics/engineering,https://nagi.tw/topics/engineering/,B,same path; host/base redirect only,legacy-url-map.csv
https://seraphforge.github.io/notes.nagi.tw/topics/engineering/,https://nagi.tw/topics/engineering/,B,same path; host/base redirect only,legacy-url-map.csv
https://seraphforge.github.io/notes.nagi.tw/topics/financial-security,https://nagi.tw/topics/financial-security/,B,same path; host/base redirect only,legacy-url-map.csv
https://seraphforge.github.io/notes.nagi.tw/topics/financial-security/,https://nagi.tw/topics/financial-security/,B,same path; host/base redirect only,legacy-url-map.csv
https://seraphforge.github.io/notes.nagi.tw/topics/frc,https://nagi.tw/topics/frc/,B,same path; host/base redirect only,legacy-url-map.csv
https://seraphforge.github.io/notes.nagi.tw/topics/frc/,https://nagi.tw/topics/frc/,B,same path; host/base redirect only,legacy-url-map.csv
https://seraphforge.github.io/notes.nagi.tw/topics/future,https://nagi.tw/topics/future/,B,same path; host/base redirect only,legacy-url-map.csv
https://seraphforge.github.io/notes.nagi.tw/topics/future/,https://nagi.tw/topics/future/,B,same path; host/base redirect only,legacy-url-map.csv
https://seraphforge.github.io/notes.nagi.tw/topics/growth,https://nagi.tw/topics/growth/,B,same path; host/base redirect only,legacy-url-map.csv
https://seraphforge.github.io/notes.nagi.tw/topics/growth/,https://nagi.tw/topics/growth/,B,same path; host/base redirect only,legacy-url-map.csv
https://seraphforge.github.io/notes.nagi.tw/topics/healthcare,https://nagi.tw/topics/healthcare/,B,same path; host/base redirect only,legacy-url-map.csv
https://seraphforge.github.io/notes.nagi.tw/topics/healthcare-medical-iot,https://nagi.tw/topics/healthcare-medical-iot/,B,same path; host/base redirect only,legacy-url-map.csv
https://seraphforge.github.io/notes.nagi.tw/topics/healthcare-medical-iot/,https://nagi.tw/topics/healthcare-medical-iot/,B,same path; host/base redirect only,legacy-url-map.csv
https://seraphforge.github.io/notes.nagi.tw/topics/healthcare/,https://nagi.tw/topics/healthcare/,B,same path; host/base redirect only,legacy-url-map.csv
https://seraphforge.github.io/notes.nagi.tw/topics/high-school-life,https://nagi.tw/topics/high-school-life/,B,same path; host/base redirect only,legacy-url-map.csv
https://seraphforge.github.io/notes.nagi.tw/topics/high-school-life/,https://nagi.tw/topics/high-school-life/,B,same path; host/base redirect only,legacy-url-map.csv
https://seraphforge.github.io/notes.nagi.tw/topics/homelab,https://nagi.tw/topics/homelab/,B,same path; host/base redirect only,legacy-url-map.csv
https://seraphforge.github.io/notes.nagi.tw/topics/homelab/,https://nagi.tw/topics/homelab/,B,same path; host/base redirect only,legacy-url-map.csv
https://seraphforge.github.io/notes.nagi.tw/topics/incident-response,https://nagi.tw/topics/incident-response/,B,same path; host/base redirect only,legacy-url-map.csv
https://seraphforge.github.io/notes.nagi.tw/topics/incident-response/,https://nagi.tw/topics/incident-response/,B,same path; host/base redirect only,legacy-url-map.csv
https://seraphforge.github.io/notes.nagi.tw/topics/infosec-taiwan,https://nagi.tw/topics/infosec-taiwan/,B,same path; host/base redirect only,legacy-url-map.csv
https://seraphforge.github.io/notes.nagi.tw/topics/infosec-taiwan/,https://nagi.tw/topics/infosec-taiwan/,B,same path; host/base redirect only,legacy-url-map.csv
https://seraphforge.github.io/notes.nagi.tw/topics/introduction,https://nagi.tw/topics/introduction/,B,same path; host/base redirect only,legacy-url-map.csv
https://seraphforge.github.io/notes.nagi.tw/topics/introduction/,https://nagi.tw/topics/introduction/,B,same path; host/base redirect only,legacy-url-map.csv
https://seraphforge.github.io/notes.nagi.tw/topics/journey,https://nagi.tw/topics/journey/,B,same path; host/base redirect only,legacy-url-map.csv
https://seraphforge.github.io/notes.nagi.tw/topics/journey/,https://nagi.tw/topics/journey/,B,same path; host/base redirect only,legacy-url-map.csv
https://seraphforge.github.io/notes.nagi.tw/topics/malware-analysis,https://nagi.tw/topics/malware-analysis/,B,same path; host/base redirect only,legacy-url-map.csv
https://seraphforge.github.io/notes.nagi.tw/topics/malware-analysis/,https://nagi.tw/topics/malware-analysis/,B,same path; host/base redirect only,legacy-url-map.csv
https://seraphforge.github.io/notes.nagi.tw/topics/medical-cybersecurity,https://nagi.tw/topics/medical-cybersecurity/,B,same path; host/base redirect only,legacy-url-map.csv
https://seraphforge.github.io/notes.nagi.tw/topics/medical-cybersecurity/,https://nagi.tw/topics/medical-cybersecurity/,B,same path; host/base redirect only,legacy-url-map.csv
https://seraphforge.github.io/notes.nagi.tw/topics/memories,https://nagi.tw/topics/memories/,B,same path; host/base redirect only,legacy-url-map.csv
https://seraphforge.github.io/notes.nagi.tw/topics/memories/,https://nagi.tw/topics/memories/,B,same path; host/base redirect only,legacy-url-map.csv
https://seraphforge.github.io/notes.nagi.tw/topics/my-story,https://nagi.tw/topics/my-story/,B,same path; host/base redirect only,legacy-url-map.csv
https://seraphforge.github.io/notes.nagi.tw/topics/my-story/,https://nagi.tw/topics/my-story/,B,same path; host/base redirect only,legacy-url-map.csv
https://seraphforge.github.io/notes.nagi.tw/topics/ot-security,https://nagi.tw/topics/ot-security/,B,same path; host/base redirect only,legacy-url-map.csv
https://seraphforge.github.io/notes.nagi.tw/topics/ot-security/,https://nagi.tw/topics/ot-security/,B,same path; host/base redirect only,legacy-url-map.csv
https://seraphforge.github.io/notes.nagi.tw/topics/personal,https://nagi.tw/topics/personal/,B,same path; host/base redirect only,legacy-url-map.csv
https://seraphforge.github.io/notes.nagi.tw/topics/personal/,https://nagi.tw/topics/personal/,B,same path; host/base redirect only,legacy-url-map.csv
https://seraphforge.github.io/notes.nagi.tw/topics/post-quantum-cryptography,https://nagi.tw/topics/post-quantum-cryptography/,B,same path; host/base redirect only,legacy-url-map.csv
https://seraphforge.github.io/notes.nagi.tw/topics/post-quantum-cryptography/,https://nagi.tw/topics/post-quantum-cryptography/,B,same path; host/base redirect only,legacy-url-map.csv
https://seraphforge.github.io/notes.nagi.tw/topics/projects,https://nagi.tw/topics/projects/,B,same path; host/base redirect only,legacy-url-map.csv
https://seraphforge.github.io/notes.nagi.tw/topics/projects/,https://nagi.tw/topics/projects/,B,same path; host/base redirect only,legacy-url-map.csv
https://seraphforge.github.io/notes.nagi.tw/topics/raspberry-pi,https://nagi.tw/topics/raspberry-pi/,B,same path; host/base redirect only,legacy-url-map.csv
https://seraphforge.github.io/notes.nagi.tw/topics/raspberry-pi/,https://nagi.tw/topics/raspberry-pi/,B,same path; host/base redirect only,legacy-url-map.csv
https://seraphforge.github.io/notes.nagi.tw/topics/reflection,https://nagi.tw/topics/reflection/,B,same path; host/base redirect only,legacy-url-map.csv
https://seraphforge.github.io/notes.nagi.tw/topics/reflection/,https://nagi.tw/topics/reflection/,B,same path; host/base redirect only,legacy-url-map.csv
https://seraphforge.github.io/notes.nagi.tw/topics/research,https://nagi.tw/topics/research/,B,same path; host/base redirect only,legacy-url-map.csv
https://seraphforge.github.io/notes.nagi.tw/topics/research/,https://nagi.tw/topics/research/,B,same path; host/base redirect only,legacy-url-map.csv
https://seraphforge.github.io/notes.nagi.tw/topics/responsible-security-culture,https://nagi.tw/topics/responsible-security-culture/,B,same path; host/base redirect only,legacy-url-map.csv
https://seraphforge.github.io/notes.nagi.tw/topics/responsible-security-culture/,https://nagi.tw/topics/responsible-security-culture/,B,same path; host/base redirect only,legacy-url-map.csv
https://seraphforge.github.io/notes.nagi.tw/topics/retail,https://nagi.tw/topics/retail/,B,same path; host/base redirect only,legacy-url-map.csv
https://seraphforge.github.io/notes.nagi.tw/topics/retail/,https://nagi.tw/topics/retail/,B,same path; host/base redirect only,legacy-url-map.csv
https://seraphforge.github.io/notes.nagi.tw/topics/robotics,https://nagi.tw/topics/robotics/,B,same path; host/base redirect only,legacy-url-map.csv
https://seraphforge.github.io/notes.nagi.tw/topics/robotics/,https://nagi.tw/topics/robotics/,B,same path; host/base redirect only,legacy-url-map.csv
https://seraphforge.github.io/notes.nagi.tw/topics/security,https://nagi.tw/topics/security/,B,same path; host/base redirect only,legacy-url-map.csv
https://seraphforge.github.io/notes.nagi.tw/topics/security-culture,https://nagi.tw/topics/security-culture/,B,same path; host/base redirect only,legacy-url-map.csv
https://seraphforge.github.io/notes.nagi.tw/topics/security-culture/,https://nagi.tw/topics/security-culture/,B,same path; host/base redirect only,legacy-url-map.csv
https://seraphforge.github.io/notes.nagi.tw/topics/security/,https://nagi.tw/topics/security/,B,same path; host/base redirect only,legacy-url-map.csv
https://seraphforge.github.io/notes.nagi.tw/topics/sme-security,https://nagi.tw/topics/sme-security/,B,same path; host/base redirect only,legacy-url-map.csv
https://seraphforge.github.io/notes.nagi.tw/topics/sme-security/,https://nagi.tw/topics/sme-security/,B,same path; host/base redirect only,legacy-url-map.csv
https://seraphforge.github.io/notes.nagi.tw/topics/soc,https://nagi.tw/topics/soc/,B,same path; host/base redirect only,legacy-url-map.csv
https://seraphforge.github.io/notes.nagi.tw/topics/soc/,https://nagi.tw/topics/soc/,B,same path; host/base redirect only,legacy-url-map.csv
https://seraphforge.github.io/notes.nagi.tw/topics/students,https://nagi.tw/topics/students/,B,same path; host/base redirect only,legacy-url-map.csv
https://seraphforge.github.io/notes.nagi.tw/topics/students/,https://nagi.tw/topics/students/,B,same path; host/base redirect only,legacy-url-map.csv
https://seraphforge.github.io/notes.nagi.tw/topics/windows-forensics,https://nagi.tw/topics/windows-forensics/,B,same path; host/base redirect only,legacy-url-map.csv
https://seraphforge.github.io/notes.nagi.tw/topics/windows-forensics/,https://nagi.tw/topics/windows-forensics/,B,same path; host/base redirect only,legacy-url-map.csv
https://seraphforge.github.io/notes.nagi.tw/topics/windows-malware,https://nagi.tw/topics/windows-malware/,B,same path; host/base redirect only,legacy-url-map.csv
https://seraphforge.github.io/notes.nagi.tw/topics/windows-malware/,https://nagi.tw/topics/windows-malware/,B,same path; host/base redirect only,legacy-url-map.csv
https://seraphforge.github.io/notes.nagi.tw/topics/wireshark,https://nagi.tw/topics/wireshark/,B,same path; host/base redirect only,legacy-url-map.csv
https://seraphforge.github.io/notes.nagi.tw/topics/wireshark/,https://nagi.tw/topics/wireshark/,B,same path; host/base redirect only,legacy-url-map.csv
https://seraphforge.github.io/notes.nagi.tw/topics/zero-trust,https://nagi.tw/topics/zero-trust/,B,same path; host/base redirect only,legacy-url-map.csv
https://seraphforge.github.io/notes.nagi.tw/topics/zero-trust/,https://nagi.tw/topics/zero-trust/,B,same path; host/base redirect only,legacy-url-map.csv
https://seraphforge.github.io/zh/2026/05/09/2026-security-conference,https://nagi.tw/articles/2026-security-conference/,B,recorded Hexo permalink,migration-report.md canonical URL table
https://seraphforge.github.io/zh/2026/05/09/2026-security-conference/,https://nagi.tw/articles/2026-security-conference/,B,recorded Hexo permalink,migration-report.md canonical URL table
https://seraphforge.github.io/zh/2026/06/23/nurse-made-me-rethink-medical-cybersecurity,https://nagi.tw/articles/nurse-made-me-rethink-medical-cybersecurity/,B,recorded Hexo permalink,migration-report.md canonical URL table
https://seraphforge.github.io/zh/2026/06/23/nurse-made-me-rethink-medical-cybersecurity/,https://nagi.tw/articles/nurse-made-me-rethink-medical-cybersecurity/,B,recorded Hexo permalink,migration-report.md canonical URL table
https://seraphforge.github.io/zh/2026/07/07/infosec-taiwan-2026-student-industry-gap,https://nagi.tw/articles/infosec-taiwan-2026-student-industry-gap/,B,recorded Hexo permalink,migration-report.md canonical URL table
https://seraphforge.github.io/zh/2026/07/07/infosec-taiwan-2026-student-industry-gap/,https://nagi.tw/articles/infosec-taiwan-2026-student-industry-gap/,B,recorded Hexo permalink,migration-report.md canonical URL table
https://seraphforge.github.io/zh/2026/07/08/ctf-meets-malware-analysis-windows,https://nagi.tw/articles/ctf-meets-malware-analysis-windows/,B,recorded Hexo permalink,migration-report.md canonical URL table
https://seraphforge.github.io/zh/2026/07/08/ctf-meets-malware-analysis-windows/,https://nagi.tw/articles/ctf-meets-malware-analysis-windows/,B,recorded Hexo permalink,migration-report.md canonical URL table
https://seraphforge.github.io/zh/2026/07/18/retail-work-sme-security-culture,https://nagi.tw/articles/retail-work-sme-security-culture/,B,recorded Hexo permalink,migration-report.md canonical URL table
https://seraphforge.github.io/zh/2026/07/18/retail-work-sme-security-culture/,https://nagi.tw/articles/retail-work-sme-security-culture/,B,recorded Hexo permalink,migration-report.md canonical URL table
https://seraphforge.github.io/zh/2026/09/04/recent-projects-and-life-update,https://nagi.tw/articles/recent-projects-and-life-update/,B,recorded Hexo permalink,migration-report.md canonical URL table
https://seraphforge.github.io/zh/2026/09/04/recent-projects-and-life-update/,https://nagi.tw/articles/recent-projects-and-life-update/,B,recorded Hexo permalink,migration-report.md canonical URL table
