old_notes_url,old_github_pages_url,new_url,action,category,path_compatibility,resolution
https://notes.nagi.tw/,https://seraphforge.github.io/notes.nagi.tw/,https://nagi.tw/,review host/base redirect; preserve path,B,A,same path; host/base redirect only
https://notes.nagi.tw/about/,https://seraphforge.github.io/notes.nagi.tw/about/,https://nagi.tw/about/,review host/base redirect; preserve path,B,A,same path; host/base redirect only
https://notes.nagi.tw/archive/,https://seraphforge.github.io/notes.nagi.tw/archive/,https://nagi.tw/archive/,review host/base redirect; preserve path,B,A,same path; host/base redirect only
https://notes.nagi.tw/articles/,https://seraphforge.github.io/notes.nagi.tw/articles/,https://nagi.tw/articles/,review host/base redirect; preserve path,B,A,same path; host/base redirect only
https://notes.nagi.tw/articles/2026-security-conference/,https://seraphforge.github.io/notes.nagi.tw/articles/2026-security-conference/,https://nagi.tw/articles/2026-security-conference/,review host/base redirect; preserve path,B,A,same path; host/base redirect only
https://notes.nagi.tw/articles/ctf-meets-malware-analysis-windows/,https://seraphforge.github.io/notes.nagi.tw/articles/ctf-meets-malware-analysis-windows/,https://nagi.tw/articles/ctf-meets-malware-analysis-windows/,review host/base redirect; preserve path,B,A,same path; host/base redirect only
https://notes.nagi.tw/articles/first-hackathon-in-university/,https://seraphforge.github.io/notes.nagi.tw/articles/first-hackathon-in-university/,https://nagi.tw/articles/first-hackathon-in-university/,review host/base redirect; preserve path,B,A,same path; host/base redirect only
https://notes.nagi.tw/articles/frc-engineering-team/,https://seraphforge.github.io/notes.nagi.tw/articles/frc-engineering-team/,https://nagi.tw/articles/frc-engineering-team/,review host/base redirect; preserve path,B,A,same path; host/base redirect only
https://notes.nagi.tw/articles/infosec-taiwan-2026-student-industry-gap/,https://seraphforge.github.io/notes.nagi.tw/articles/infosec-taiwan-2026-student-industry-gap/,https://nagi.tw/articles/infosec-taiwan-2026-student-industry-gap/,review host/base redirect; preserve path,B,A,same path; host/base redirect only
https://notes.nagi.tw/articles/not-everyone-has-to-walk-the-same-road/,https://seraphforge.github.io/notes.nagi.tw/articles/not-everyone-has-to-walk-the-same-road/,https://nagi.tw/articles/not-everyone-has-to-walk-the-same-road/,review host/base redirect; preserve path,B,A,same path; host/base redirect only
https://notes.nagi.tw/articles/nurse-made-me-rethink-medical-cybersecurity/,https://seraphforge.github.io/notes.nagi.tw/articles/nurse-made-me-rethink-medical-cybersecurity/,https://nagi.tw/articles/nurse-made-me-rethink-medical-cybersecurity/,review host/base redirect; preserve path,B,A,same path; host/base redirect only
https://notes.nagi.tw/articles/prologue-the-people-i-met-along-the-way/,https://seraphforge.github.io/notes.nagi.tw/articles/prologue-the-people-i-met-along-the-way/,https://nagi.tw/articles/prologue-the-people-i-met-along-the-way/,review host/base redirect; preserve path,B,A,same path; host/base redirect only
https://notes.nagi.tw/articles/recent-projects-and-life-update/,https://seraphforge.github.io/notes.nagi.tw/articles/recent-projects-and-life-update/,https://nagi.tw/articles/recent-projects-and-life-update/,review host/base redirect; preserve path,B,A,same path; host/base redirect only
https://notes.nagi.tw/articles/retail-work-sme-security-culture/,https://seraphforge.github.io/notes.nagi.tw/articles/retail-work-sme-security-culture/,https://nagi.tw/articles/retail-work-sme-security-culture/,review host/base redirect; preserve path,B,A,same path; host/base redirect only
https://notes.nagi.tw/articles/ten-years-from-now-dont-forget-who-you-are-now/,https://seraphforge.github.io/notes.nagi.tw/articles/ten-years-from-now-dont-forget-who-you-are-now/,https://nagi.tw/articles/ten-years-from-now-dont-forget-who-you-are-now/,review host/base redirect; preserve path,B,A,same path; host/base redirect only
https://notes.nagi.tw/en/,https://seraphforge.github.io/notes.nagi.tw/en/,https://nagi.tw/en/,review host/base redirect; preserve path,B,A,same path; host/base redirect only
https://notes.nagi.tw/en/about/,https://seraphforge.github.io/notes.nagi.tw/en/about/,https://nagi.tw/en/about/,review host/base redirect; preserve path,B,A,same path; host/base redirect only
https://notes.nagi.tw/en/archive/,https://seraphforge.github.io/notes.nagi.tw/en/archive/,https://nagi.tw/en/archive/,review host/base redirect; preserve path,B,A,same path; host/base redirect only
https://notes.nagi.tw/en/articles/,https://seraphforge.github.io/notes.nagi.tw/en/articles/,https://nagi.tw/en/articles/,review host/base redirect; preserve path,B,A,same path; host/base redirect only
https://notes.nagi.tw/en/articles/2026-security-conference/,https://seraphforge.github.io/notes.nagi.tw/en/articles/2026-security-conference/,https://nagi.tw/en/articles/2026-security-conference/,review host/base redirect; preserve path,B,A,same path; host/base redirect only
https://notes.nagi.tw/en/articles/ctf-meets-malware-analysis-windows/,https://seraphforge.github.io/notes.nagi.tw/en/articles/ctf-meets-malware-analysis-windows/,https://nagi.tw/en/articles/ctf-meets-malware-analysis-windows/,review host/base redirect; preserve path,B,A,same path; host/base redirect only
https://notes.nagi.tw/en/articles/first-hackathon-in-university/,https://seraphforge.github.io/notes.nagi.tw/en/articles/first-hackathon-in-university/,https://nagi.tw/en/articles/first-hackathon-in-university/,review host/base redirect; preserve path,B,A,same path; host/base redirect only
https://notes.nagi.tw/en/articles/frc-engineering-team/,https://seraphforge.github.io/notes.nagi.tw/en/articles/frc-engineering-team/,https://nagi.tw/en/articles/frc-engineering-team/,review host/base redirect; preserve path,B,A,same path; host/base redirect only
https://notes.nagi.tw/en/articles/infosec-taiwan-2026-student-industry-gap/,https://seraphforge.github.io/notes.nagi.tw/en/articles/infosec-taiwan-2026-student-industry-gap/,https://nagi.tw/en/articles/infosec-taiwan-2026-student-industry-gap/,review host/base redirect; preserve path,B,A,same path; host/base redirect only
https://notes.nagi.tw/en/articles/not-everyone-has-to-walk-the-same-road/,https://seraphforge.github.io/notes.nagi.tw/en/articles/not-everyone-has-to-walk-the-same-road/,https://nagi.tw/en/articles/not-everyone-has-to-walk-the-same-road/,review host/base redirect; preserve path,B,A,same path; host/base redirect only
https://notes.nagi.tw/en/articles/nurse-made-me-rethink-medical-cybersecurity/,https://seraphforge.github.io/notes.nagi.tw/en/articles/nurse-made-me-rethink-medical-cybersecurity/,https://nagi.tw/en/articles/nurse-made-me-rethink-medical-cybersecurity/,review host/base redirect; preserve path,B,A,same path; host/base redirect only
https://notes.nagi.tw/en/articles/prologue-the-people-i-met-along-the-way/,https://seraphforge.github.io/notes.nagi.tw/en/articles/prologue-the-people-i-met-along-the-way/,https://nagi.tw/en/articles/prologue-the-people-i-met-along-the-way/,review host/base redirect; preserve path,B,A,same path; host/base redirect only
https://notes.nagi.tw/en/articles/recent-projects-and-life-update/,https://seraphforge.github.io/notes.nagi.tw/en/articles/recent-projects-and-life-update/,https://nagi.tw/en/articles/recent-projects-and-life-update/,review host/base redirect; preserve path,B,A,same path; host/base redirect only
https://notes.nagi.tw/en/articles/retail-work-sme-security-culture/,https://seraphforge.github.io/notes.nagi.tw/en/articles/retail-work-sme-security-culture/,https://nagi.tw/en/articles/retail-work-sme-security-culture/,review host/base redirect; preserve path,B,A,same path; host/base redirect only
https://notes.nagi.tw/en/articles/ten-years-from-now-dont-forget-who-you-are-now/,https://seraphforge.github.io/notes.nagi.tw/en/articles/ten-years-from-now-dont-forget-who-you-are-now/,https://nagi.tw/en/articles/ten-years-from-now-dont-forget-who-you-are-now/,review host/base redirect; preserve path,B,A,same path; host/base redirect only
https://notes.nagi.tw/en/experience/,https://seraphforge.github.io/notes.nagi.tw/en/experience/,https://nagi.tw/en/experience/,review host/base redirect; preserve path,B,A,same path; host/base redirect only
https://notes.nagi.tw/en/topics/,https://seraphforge.github.io/notes.nagi.tw/en/topics/,https://nagi.tw/en/topics/,review host/base redirect; preserve path,B,A,same path; host/base redirect only
https://notes.nagi.tw/en/topics/2026-cybersecurity-conference/,https://seraphforge.github.io/notes.nagi.tw/en/topics/2026-cybersecurity-conference/,https://nagi.tw/en/topics/2026-cybersecurity-conference/,review host/base redirect; preserve path,B,A,same path; host/base redirect only
https://notes.nagi.tw/en/topics/ai-security/,https://seraphforge.github.io/notes.nagi.tw/en/topics/ai-security/,https://nagi.tw/en/topics/ai-security/,review host/base redirect; preserve path,B,A,same path; host/base redirect only
https://notes.nagi.tw/en/topics/ai-soc/,https://seraphforge.github.io/notes.nagi.tw/en/topics/ai-soc/,https://nagi.tw/en/topics/ai-soc/,review host/base redirect; preserve path,B,A,same path; host/base redirect only
https://notes.nagi.tw/en/topics/ai/,https://seraphforge.github.io/notes.nagi.tw/en/topics/ai/,https://nagi.tw/en/topics/ai/,review host/base redirect; preserve path,B,A,same path; host/base redirect only
https://notes.nagi.tw/en/topics/blue-team/,https://seraphforge.github.io/notes.nagi.tw/en/topics/blue-team/,https://nagi.tw/en/topics/blue-team/,review host/base redirect; preserve path,B,A,same path; host/base redirect only
https://notes.nagi.tw/en/topics/career/,https://seraphforge.github.io/notes.nagi.tw/en/topics/career/,https://nagi.tw/en/topics/career/,review host/base redirect; preserve path,B,A,same path; host/base redirect only
https://notes.nagi.tw/en/topics/choices/,https://seraphforge.github.io/notes.nagi.tw/en/topics/choices/,https://nagi.tw/en/topics/choices/,review host/base redirect; preserve path,B,A,same path; host/base redirect only
https://notes.nagi.tw/en/topics/competition/,https://seraphforge.github.io/notes.nagi.tw/en/topics/competition/,https://nagi.tw/en/topics/competition/,review host/base redirect; preserve path,B,A,same path; host/base redirect only
https://notes.nagi.tw/en/topics/compliance/,https://seraphforge.github.io/notes.nagi.tw/en/topics/compliance/,https://nagi.tw/en/topics/compliance/,review host/base redirect; preserve path,B,A,same path; host/base redirect only
https://notes.nagi.tw/en/topics/ctf/,https://seraphforge.github.io/notes.nagi.tw/en/topics/ctf/,https://nagi.tw/en/topics/ctf/,review host/base redirect; preserve path,B,A,same path; host/base redirect only
https://notes.nagi.tw/en/topics/cybersec/,https://seraphforge.github.io/notes.nagi.tw/en/topics/cybersec/,https://nagi.tw/en/topics/cybersec/,review host/base redirect; preserve path,B,A,same path; host/base redirect only
https://notes.nagi.tw/en/topics/cybersecurity/,https://seraphforge.github.io/notes.nagi.tw/en/topics/cybersecurity/,https://nagi.tw/en/topics/cybersecurity/,review host/base redirect; preserve path,B,A,same path; host/base redirect only
https://notes.nagi.tw/en/topics/dfir/,https://seraphforge.github.io/notes.nagi.tw/en/topics/dfir/,https://nagi.tw/en/topics/dfir/,review host/base redirect; preserve path,B,A,same path; host/base redirect only
https://notes.nagi.tw/en/topics/edge-ai/,https://seraphforge.github.io/notes.nagi.tw/en/topics/edge-ai/,https://nagi.tw/en/topics/edge-ai/,review host/base redirect; preserve path,B,A,same path; host/base redirect only
https://notes.nagi.tw/en/topics/engineering/,https://seraphforge.github.io/notes.nagi.tw/en/topics/engineering/,https://nagi.tw/en/topics/engineering/,review host/base redirect; preserve path,B,A,same path; host/base redirect only
https://notes.nagi.tw/en/topics/financial-security/,https://seraphforge.github.io/notes.nagi.tw/en/topics/financial-security/,https://nagi.tw/en/topics/financial-security/,review host/base redirect; preserve path,B,A,same path; host/base redirect only
https://notes.nagi.tw/en/topics/frc/,https://seraphforge.github.io/notes.nagi.tw/en/topics/frc/,https://nagi.tw/en/topics/frc/,review host/base redirect; preserve path,B,A,same path; host/base redirect only
https://notes.nagi.tw/en/topics/future/,https://seraphforge.github.io/notes.nagi.tw/en/topics/future/,https://nagi.tw/en/topics/future/,review host/base redirect; preserve path,B,A,same path; host/base redirect only
https://notes.nagi.tw/en/topics/growth/,https://seraphforge.github.io/notes.nagi.tw/en/topics/growth/,https://nagi.tw/en/topics/growth/,review host/base redirect; preserve path,B,A,same path; host/base redirect only
https://notes.nagi.tw/en/topics/healthcare-medical-iot/,https://seraphforge.github.io/notes.nagi.tw/en/topics/healthcare-medical-iot/,https://nagi.tw/en/topics/healthcare-medical-iot/,review host/base redirect; preserve path,B,A,same path; host/base redirect only
https://notes.nagi.tw/en/topics/healthcare/,https://seraphforge.github.io/notes.nagi.tw/en/topics/healthcare/,https://nagi.tw/en/topics/healthcare/,review host/base redirect; preserve path,B,A,same path; host/base redirect only
https://notes.nagi.tw/en/topics/high-school-life/,https://seraphforge.github.io/notes.nagi.tw/en/topics/high-school-life/,https://nagi.tw/en/topics/high-school-life/,review host/base redirect; preserve path,B,A,same path; host/base redirect only
https://notes.nagi.tw/en/topics/homelab/,https://seraphforge.github.io/notes.nagi.tw/en/topics/homelab/,https://nagi.tw/en/topics/homelab/,review host/base redirect; preserve path,B,A,same path; host/base redirect only
https://notes.nagi.tw/en/topics/incident-response/,https://seraphforge.github.io/notes.nagi.tw/en/topics/incident-response/,https://nagi.tw/en/topics/incident-response/,review host/base redirect; preserve path,B,A,same path; host/base redirect only
https://notes.nagi.tw/en/topics/infosec-taiwan/,https://seraphforge.github.io/notes.nagi.tw/en/topics/infosec-taiwan/,https://nagi.tw/en/topics/infosec-taiwan/,review host/base redirect; preserve path,B,A,same path; host/base redirect only
https://notes.nagi.tw/en/topics/introduction/,https://seraphforge.github.io/notes.nagi.tw/en/topics/introduction/,https://nagi.tw/en/topics/introduction/,review host/base redirect; preserve path,B,A,same path; host/base redirect only
https://notes.nagi.tw/en/topics/journey/,https://seraphforge.github.io/notes.nagi.tw/en/topics/journey/,https://nagi.tw/en/topics/journey/,review host/base redirect; preserve path,B,A,same path; host/base redirect only
https://notes.nagi.tw/en/topics/malware-analysis/,https://seraphforge.github.io/notes.nagi.tw/en/topics/malware-analysis/,https://nagi.tw/en/topics/malware-analysis/,review host/base redirect; preserve path,B,A,same path; host/base redirect only
https://notes.nagi.tw/en/topics/medical-cybersecurity/,https://seraphforge.github.io/notes.nagi.tw/en/topics/medical-cybersecurity/,https://nagi.tw/en/topics/medical-cybersecurity/,review host/base redirect; preserve path,B,A,same path; host/base redirect only
https://notes.nagi.tw/en/topics/memories/,https://seraphforge.github.io/notes.nagi.tw/en/topics/memories/,https://nagi.tw/en/topics/memories/,review host/base redirect; preserve path,B,A,same path; host/base redirect only
https://notes.nagi.tw/en/topics/my-story/,https://seraphforge.github.io/notes.nagi.tw/en/topics/my-story/,https://nagi.tw/en/topics/my-story/,review host/base redirect; preserve path,B,A,same path; host/base redirect only
https://notes.nagi.tw/en/topics/ot-security/,https://seraphforge.github.io/notes.nagi.tw/en/topics/ot-security/,https://nagi.tw/en/topics/ot-security/,review host/base redirect; preserve path,B,A,same path; host/base redirect only
https://notes.nagi.tw/en/topics/personal/,https://seraphforge.github.io/notes.nagi.tw/en/topics/personal/,https://nagi.tw/en/topics/personal/,review host/base redirect; preserve path,B,A,same path; host/base redirect only
https://notes.nagi.tw/en/topics/post-quantum-cryptography/,https://seraphforge.github.io/notes.nagi.tw/en/topics/post-quantum-cryptography/,https://nagi.tw/en/topics/post-quantum-cryptography/,review host/base redirect; preserve path,B,A,same path; host/base redirect only
https://notes.nagi.tw/en/topics/projects/,https://seraphforge.github.io/notes.nagi.tw/en/topics/projects/,https://nagi.tw/en/topics/projects/,review host/base redirect; preserve path,B,A,same path; host/base redirect only
https://notes.nagi.tw/en/topics/raspberry-pi/,https://seraphforge.github.io/notes.nagi.tw/en/topics/raspberry-pi/,https://nagi.tw/en/topics/raspberry-pi/,review host/base redirect; preserve path,B,A,same path; host/base redirect only
https://notes.nagi.tw/en/topics/reflection/,https://seraphforge.github.io/notes.nagi.tw/en/topics/reflection/,https://nagi.tw/en/topics/reflection/,review host/base redirect; preserve path,B,A,same path; host/base redirect only
https://notes.nagi.tw/en/topics/research/,https://seraphforge.github.io/notes.nagi.tw/en/topics/research/,https://nagi.tw/en/topics/research/,review host/base redirect; preserve path,B,A,same path; host/base redirect only
https://notes.nagi.tw/en/topics/responsible-security-culture/,https://seraphforge.github.io/notes.nagi.tw/en/topics/responsible-security-culture/,https://nagi.tw/en/topics/responsible-security-culture/,review host/base redirect; preserve path,B,A,same path; host/base redirect only
https://notes.nagi.tw/en/topics/retail/,https://seraphforge.github.io/notes.nagi.tw/en/topics/retail/,https://nagi.tw/en/topics/retail/,review host/base redirect; preserve path,B,A,same path; host/base redirect only
https://notes.nagi.tw/en/topics/robotics/,https://seraphforge.github.io/notes.nagi.tw/en/topics/robotics/,https://nagi.tw/en/topics/robotics/,review host/base redirect; preserve path,B,A,same path; host/base redirect only
https://notes.nagi.tw/en/topics/security-culture/,https://seraphforge.github.io/notes.nagi.tw/en/topics/security-culture/,https://nagi.tw/en/topics/security-culture/,review host/base redirect; preserve path,B,A,same path; host/base redirect only
https://notes.nagi.tw/en/topics/security/,https://seraphforge.github.io/notes.nagi.tw/en/topics/security/,https://nagi.tw/en/topics/security/,review host/base redirect; preserve path,B,A,same path; host/base redirect only
https://notes.nagi.tw/en/topics/sme-security/,https://seraphforge.github.io/notes.nagi.tw/en/topics/sme-security/,https://nagi.tw/en/topics/sme-security/,review host/base redirect; preserve path,B,A,same path; host/base redirect only
https://notes.nagi.tw/en/topics/soc/,https://seraphforge.github.io/notes.nagi.tw/en/topics/soc/,https://nagi.tw/en/topics/soc/,review host/base redirect; preserve path,B,A,same path; host/base redirect only
https://notes.nagi.tw/en/topics/students/,https://seraphforge.github.io/notes.nagi.tw/en/topics/students/,https://nagi.tw/en/topics/students/,review host/base redirect; preserve path,B,A,same path; host/base redirect only
https://notes.nagi.tw/en/topics/windows-forensics/,https://seraphforge.github.io/notes.nagi.tw/en/topics/windows-forensics/,https://nagi.tw/en/topics/windows-forensics/,review host/base redirect; preserve path,B,A,same path; host/base redirect only
https://notes.nagi.tw/en/topics/windows-malware/,https://seraphforge.github.io/notes.nagi.tw/en/topics/windows-malware/,https://nagi.tw/en/topics/windows-malware/,review host/base redirect; preserve path,B,A,same path; host/base redirect only
https://notes.nagi.tw/en/topics/wireshark/,https://seraphforge.github.io/notes.nagi.tw/en/topics/wireshark/,https://nagi.tw/en/topics/wireshark/,review host/base redirect; preserve path,B,A,same path; host/base redirect only
https://notes.nagi.tw/en/topics/zero-trust/,https://seraphforge.github.io/notes.nagi.tw/en/topics/zero-trust/,https://nagi.tw/en/topics/zero-trust/,review host/base redirect; preserve path,B,A,same path; host/base redirect only
https://notes.nagi.tw/en/topics/近況/,https://seraphforge.github.io/notes.nagi.tw/en/topics/近況/,https://nagi.tw/en/topics/近況/,review host/base redirect; preserve path,B,A,same path; host/base redirect only
https://notes.nagi.tw/experience/,https://seraphforge.github.io/notes.nagi.tw/experience/,https://nagi.tw/experience/,review host/base redirect; preserve path,B,A,same path; host/base redirect only
https://notes.nagi.tw/ja/,https://seraphforge.github.io/notes.nagi.tw/ja/,https://nagi.tw/ja/,review host/base redirect; preserve path,B,A,same path; host/base redirect only
https://notes.nagi.tw/ja/about/,https://seraphforge.github.io/notes.nagi.tw/ja/about/,https://nagi.tw/ja/about/,review host/base redirect; preserve path,B,A,same path; host/base redirect only
https://notes.nagi.tw/ja/archive/,https://seraphforge.github.io/notes.nagi.tw/ja/archive/,https://nagi.tw/ja/archive/,review host/base redirect; preserve path,B,A,same path; host/base redirect only
https://notes.nagi.tw/ja/articles/,https://seraphforge.github.io/notes.nagi.tw/ja/articles/,https://nagi.tw/ja/articles/,review host/base redirect; preserve path,B,A,same path; host/base redirect only
https://notes.nagi.tw/ja/articles/2026-security-conference/,https://seraphforge.github.io/notes.nagi.tw/ja/articles/2026-security-conference/,https://nagi.tw/ja/articles/2026-security-conference/,review host/base redirect; preserve path,B,A,same path; host/base redirect only
https://notes.nagi.tw/ja/articles/ctf-meets-malware-analysis-windows/,https://seraphforge.github.io/notes.nagi.tw/ja/articles/ctf-meets-malware-analysis-windows/,https://nagi.tw/ja/articles/ctf-meets-malware-analysis-windows/,review host/base redirect; preserve path,B,A,same path; host/base redirect only
https://notes.nagi.tw/ja/articles/first-hackathon-in-university/,https://seraphforge.github.io/notes.nagi.tw/ja/articles/first-hackathon-in-university/,https://nagi.tw/ja/articles/first-hackathon-in-university/,review host/base redirect; preserve path,B,A,same path; host/base redirect only
https://notes.nagi.tw/ja/articles/frc-engineering-team/,https://seraphforge.github.io/notes.nagi.tw/ja/articles/frc-engineering-team/,https://nagi.tw/ja/articles/frc-engineering-team/,review host/base redirect; preserve path,B,A,same path; host/base redirect only
https://notes.nagi.tw/ja/articles/infosec-taiwan-2026-student-industry-gap/,https://seraphforge.github.io/notes.nagi.tw/ja/articles/infosec-taiwan-2026-student-industry-gap/,https://nagi.tw/ja/articles/infosec-taiwan-2026-student-industry-gap/,review host/base redirect; preserve path,B,A,same path; host/base redirect only
https://notes.nagi.tw/ja/articles/not-everyone-has-to-walk-the-same-road/,https://seraphforge.github.io/notes.nagi.tw/ja/articles/not-everyone-has-to-walk-the-same-road/,https://nagi.tw/ja/articles/not-everyone-has-to-walk-the-same-road/,review host/base redirect; preserve path,B,A,same path; host/base redirect only
https://notes.nagi.tw/ja/articles/nurse-made-me-rethink-medical-cybersecurity/,https://seraphforge.github.io/notes.nagi.tw/ja/articles/nurse-made-me-rethink-medical-cybersecurity/,https://nagi.tw/ja/articles/nurse-made-me-rethink-medical-cybersecurity/,review host/base redirect; preserve path,B,A,same path; host/base redirect only
https://notes.nagi.tw/ja/articles/prologue-the-people-i-met-along-the-way/,https://seraphforge.github.io/notes.nagi.tw/ja/articles/prologue-the-people-i-met-along-the-way/,https://nagi.tw/ja/articles/prologue-the-people-i-met-along-the-way/,review host/base redirect; preserve path,B,A,same path; host/base redirect only
https://notes.nagi.tw/ja/articles/recent-projects-and-life-update/,https://seraphforge.github.io/notes.nagi.tw/ja/articles/recent-projects-and-life-update/,https://nagi.tw/ja/articles/recent-projects-and-life-update/,review host/base redirect; preserve path,B,A,same path; host/base redirect only
https://notes.nagi.tw/ja/articles/retail-work-sme-security-culture/,https://seraphforge.github.io/notes.nagi.tw/ja/articles/retail-work-sme-security-culture/,https://nagi.tw/ja/articles/retail-work-sme-security-culture/,review host/base redirect; preserve path,B,A,same path; host/base redirect only
https://notes.nagi.tw/ja/articles/ten-years-from-now-dont-forget-who-you-are-now/,https://seraphforge.github.io/notes.nagi.tw/ja/articles/ten-years-from-now-dont-forget-who-you-are-now/,https://nagi.tw/ja/articles/ten-years-from-now-dont-forget-who-you-are-now/,review host/base redirect; preserve path,B,A,same path; host/base redirect only
https://notes.nagi.tw/ja/experience/,https://seraphforge.github.io/notes.nagi.tw/ja/experience/,https://nagi.tw/ja/experience/,review host/base redirect; preserve path,B,A,same path; host/base redirect only
https://notes.nagi.tw/ja/topics/,https://seraphforge.github.io/notes.nagi.tw/ja/topics/,https://nagi.tw/ja/topics/,review host/base redirect; preserve path,B,A,same path; host/base redirect only
https://notes.nagi.tw/ja/topics/2026-cybersecurity-conference/,https://seraphforge.github.io/notes.nagi.tw/ja/topics/2026-cybersecurity-conference/,https://nagi.tw/ja/topics/2026-cybersecurity-conference/,review host/base redirect; preserve path,B,A,same path; host/base redirect only
https://notes.nagi.tw/ja/topics/ai-security/,https://seraphforge.github.io/notes.nagi.tw/ja/topics/ai-security/,https://nagi.tw/ja/topics/ai-security/,review host/base redirect; preserve path,B,A,same path; host/base redirect only
https://notes.nagi.tw/ja/topics/ai-soc/,https://seraphforge.github.io/notes.nagi.tw/ja/topics/ai-soc/,https://nagi.tw/ja/topics/ai-soc/,review host/base redirect; preserve path,B,A,same path; host/base redirect only
https://notes.nagi.tw/ja/topics/ai/,https://seraphforge.github.io/notes.nagi.tw/ja/topics/ai/,https://nagi.tw/ja/topics/ai/,review host/base redirect; preserve path,B,A,same path; host/base redirect only
https://notes.nagi.tw/ja/topics/blue-team/,https://seraphforge.github.io/notes.nagi.tw/ja/topics/blue-team/,https://nagi.tw/ja/topics/blue-team/,review host/base redirect; preserve path,B,A,same path; host/base redirect only
https://notes.nagi.tw/ja/topics/career/,https://seraphforge.github.io/notes.nagi.tw/ja/topics/career/,https://nagi.tw/ja/topics/career/,review host/base redirect; preserve path,B,A,same path; host/base redirect only
https://notes.nagi.tw/ja/topics/choices/,https://seraphforge.github.io/notes.nagi.tw/ja/topics/choices/,https://nagi.tw/ja/topics/choices/,review host/base redirect; preserve path,B,A,same path; host/base redirect only
https://notes.nagi.tw/ja/topics/competition/,https://seraphforge.github.io/notes.nagi.tw/ja/topics/competition/,https://nagi.tw/ja/topics/competition/,review host/base redirect; preserve path,B,A,same path; host/base redirect only
https://notes.nagi.tw/ja/topics/compliance/,https://seraphforge.github.io/notes.nagi.tw/ja/topics/compliance/,https://nagi.tw/ja/topics/compliance/,review host/base redirect; preserve path,B,A,same path; host/base redirect only
https://notes.nagi.tw/ja/topics/ctf/,https://seraphforge.github.io/notes.nagi.tw/ja/topics/ctf/,https://nagi.tw/ja/topics/ctf/,review host/base redirect; preserve path,B,A,same path; host/base redirect only
https://notes.nagi.tw/ja/topics/cybersec/,https://seraphforge.github.io/notes.nagi.tw/ja/topics/cybersec/,https://nagi.tw/ja/topics/cybersec/,review host/base redirect; preserve path,B,A,same path; host/base redirect only
https://notes.nagi.tw/ja/topics/cybersecurity/,https://seraphforge.github.io/notes.nagi.tw/ja/topics/cybersecurity/,https://nagi.tw/ja/topics/cybersecurity/,review host/base redirect; preserve path,B,A,same path; host/base redirect only
https://notes.nagi.tw/ja/topics/dfir/,https://seraphforge.github.io/notes.nagi.tw/ja/topics/dfir/,https://nagi.tw/ja/topics/dfir/,review host/base redirect; preserve path,B,A,same path; host/base redirect only
https://notes.nagi.tw/ja/topics/edge-ai/,https://seraphforge.github.io/notes.nagi.tw/ja/topics/edge-ai/,https://nagi.tw/ja/topics/edge-ai/,review host/base redirect; preserve path,B,A,same path; host/base redirect only
https://notes.nagi.tw/ja/topics/engineering/,https://seraphforge.github.io/notes.nagi.tw/ja/topics/engineering/,https://nagi.tw/ja/topics/engineering/,review host/base redirect; preserve path,B,A,same path; host/base redirect only
https://notes.nagi.tw/ja/topics/financial-security/,https://seraphforge.github.io/notes.nagi.tw/ja/topics/financial-security/,https://nagi.tw/ja/topics/financial-security/,review host/base redirect; preserve path,B,A,same path; host/base redirect only
https://notes.nagi.tw/ja/topics/frc/,https://seraphforge.github.io/notes.nagi.tw/ja/topics/frc/,https://nagi.tw/ja/topics/frc/,review host/base redirect; preserve path,B,A,same path; host/base redirect only
https://notes.nagi.tw/ja/topics/future/,https://seraphforge.github.io/notes.nagi.tw/ja/topics/future/,https://nagi.tw/ja/topics/future/,review host/base redirect; preserve path,B,A,same path; host/base redirect only
https://notes.nagi.tw/ja/topics/growth/,https://seraphforge.github.io/notes.nagi.tw/ja/topics/growth/,https://nagi.tw/ja/topics/growth/,review host/base redirect; preserve path,B,A,same path; host/base redirect only
https://notes.nagi.tw/ja/topics/healthcare-medical-iot/,https://seraphforge.github.io/notes.nagi.tw/ja/topics/healthcare-medical-iot/,https://nagi.tw/ja/topics/healthcare-medical-iot/,review host/base redirect; preserve path,B,A,same path; host/base redirect only
https://notes.nagi.tw/ja/topics/healthcare/,https://seraphforge.github.io/notes.nagi.tw/ja/topics/healthcare/,https://nagi.tw/ja/topics/healthcare/,review host/base redirect; preserve path,B,A,same path; host/base redirect only
https://notes.nagi.tw/ja/topics/high-school-life/,https://seraphforge.github.io/notes.nagi.tw/ja/topics/high-school-life/,https://nagi.tw/ja/topics/high-school-life/,review host/base redirect; preserve path,B,A,same path; host/base redirect only
https://notes.nagi.tw/ja/topics/homelab/,https://seraphforge.github.io/notes.nagi.tw/ja/topics/homelab/,https://nagi.tw/ja/topics/homelab/,review host/base redirect; preserve path,B,A,same path; host/base redirect only
https://notes.nagi.tw/ja/topics/incident-response/,https://seraphforge.github.io/notes.nagi.tw/ja/topics/incident-response/,https://nagi.tw/ja/topics/incident-response/,review host/base redirect; preserve path,B,A,same path; host/base redirect only
https://notes.nagi.tw/ja/topics/infosec-taiwan/,https://seraphforge.github.io/notes.nagi.tw/ja/topics/infosec-taiwan/,https://nagi.tw/ja/topics/infosec-taiwan/,review host/base redirect; preserve path,B,A,same path; host/base redirect only
https://notes.nagi.tw/ja/topics/introduction/,https://seraphforge.github.io/notes.nagi.tw/ja/topics/introduction/,https://nagi.tw/ja/topics/introduction/,review host/base redirect; preserve path,B,A,same path; host/base redirect only
https://notes.nagi.tw/ja/topics/journey/,https://seraphforge.github.io/notes.nagi.tw/ja/topics/journey/,https://nagi.tw/ja/topics/journey/,review host/base redirect; preserve path,B,A,same path; host/base redirect only
https://notes.nagi.tw/ja/topics/malware-analysis/,https://seraphforge.github.io/notes.nagi.tw/ja/topics/malware-analysis/,https://nagi.tw/ja/topics/malware-analysis/,review host/base redirect; preserve path,B,A,same path; host/base redirect only
https://notes.nagi.tw/ja/topics/medical-cybersecurity/,https://seraphforge.github.io/notes.nagi.tw/ja/topics/medical-cybersecurity/,https://nagi.tw/ja/topics/medical-cybersecurity/,review host/base redirect; preserve path,B,A,same path; host/base redirect only
https://notes.nagi.tw/ja/topics/memories/,https://seraphforge.github.io/notes.nagi.tw/ja/topics/memories/,https://nagi.tw/ja/topics/memories/,review host/base redirect; preserve path,B,A,same path; host/base redirect only
https://notes.nagi.tw/ja/topics/my-story/,https://seraphforge.github.io/notes.nagi.tw/ja/topics/my-story/,https://nagi.tw/ja/topics/my-story/,review host/base redirect; preserve path,B,A,same path; host/base redirect only
https://notes.nagi.tw/ja/topics/ot-security/,https://seraphforge.github.io/notes.nagi.tw/ja/topics/ot-security/,https://nagi.tw/ja/topics/ot-security/,review host/base redirect; preserve path,B,A,same path; host/base redirect only
https://notes.nagi.tw/ja/topics/personal/,https://seraphforge.github.io/notes.nagi.tw/ja/topics/personal/,https://nagi.tw/ja/topics/personal/,review host/base redirect; preserve path,B,A,same path; host/base redirect only
https://notes.nagi.tw/ja/topics/post-quantum-cryptography/,https://seraphforge.github.io/notes.nagi.tw/ja/topics/post-quantum-cryptography/,https://nagi.tw/ja/topics/post-quantum-cryptography/,review host/base redirect; preserve path,B,A,same path; host/base redirect only
https://notes.nagi.tw/ja/topics/projects/,https://seraphforge.github.io/notes.nagi.tw/ja/topics/projects/,https://nagi.tw/ja/topics/projects/,review host/base redirect; preserve path,B,A,same path; host/base redirect only
https://notes.nagi.tw/ja/topics/raspberry-pi/,https://seraphforge.github.io/notes.nagi.tw/ja/topics/raspberry-pi/,https://nagi.tw/ja/topics/raspberry-pi/,review host/base redirect; preserve path,B,A,same path; host/base redirect only
https://notes.nagi.tw/ja/topics/reflection/,https://seraphforge.github.io/notes.nagi.tw/ja/topics/reflection/,https://nagi.tw/ja/topics/reflection/,review host/base redirect; preserve path,B,A,same path; host/base redirect only
https://notes.nagi.tw/ja/topics/research/,https://seraphforge.github.io/notes.nagi.tw/ja/topics/research/,https://nagi.tw/ja/topics/research/,review host/base redirect; preserve path,B,A,same path; host/base redirect only
https://notes.nagi.tw/ja/topics/responsible-security-culture/,https://seraphforge.github.io/notes.nagi.tw/ja/topics/responsible-security-culture/,https://nagi.tw/ja/topics/responsible-security-culture/,review host/base redirect; preserve path,B,A,same path; host/base redirect only
https://notes.nagi.tw/ja/topics/retail/,https://seraphforge.github.io/notes.nagi.tw/ja/topics/retail/,https://nagi.tw/ja/topics/retail/,review host/base redirect; preserve path,B,A,same path; host/base redirect only
https://notes.nagi.tw/ja/topics/robotics/,https://seraphforge.github.io/notes.nagi.tw/ja/topics/robotics/,https://nagi.tw/ja/topics/robotics/,review host/base redirect; preserve path,B,A,same path; host/base redirect only
https://notes.nagi.tw/ja/topics/security-culture/,https://seraphforge.github.io/notes.nagi.tw/ja/topics/security-culture/,https://nagi.tw/ja/topics/security-culture/,review host/base redirect; preserve path,B,A,same path; host/base redirect only
https://notes.nagi.tw/ja/topics/security/,https://seraphforge.github.io/notes.nagi.tw/ja/topics/security/,https://nagi.tw/ja/topics/security/,review host/base redirect; preserve path,B,A,same path; host/base redirect only
https://notes.nagi.tw/ja/topics/sme-security/,https://seraphforge.github.io/notes.nagi.tw/ja/topics/sme-security/,https://nagi.tw/ja/topics/sme-security/,review host/base redirect; preserve path,B,A,same path; host/base redirect only
https://notes.nagi.tw/ja/topics/soc/,https://seraphforge.github.io/notes.nagi.tw/ja/topics/soc/,https://nagi.tw/ja/topics/soc/,review host/base redirect; preserve path,B,A,same path; host/base redirect only
https://notes.nagi.tw/ja/topics/students/,https://seraphforge.github.io/notes.nagi.tw/ja/topics/students/,https://nagi.tw/ja/topics/students/,review host/base redirect; preserve path,B,A,same path; host/base redirect only
https://notes.nagi.tw/ja/topics/windows-forensics/,https://seraphforge.github.io/notes.nagi.tw/ja/topics/windows-forensics/,https://nagi.tw/ja/topics/windows-forensics/,review host/base redirect; preserve path,B,A,same path; host/base redirect only
https://notes.nagi.tw/ja/topics/windows-malware/,https://seraphforge.github.io/notes.nagi.tw/ja/topics/windows-malware/,https://nagi.tw/ja/topics/windows-malware/,review host/base redirect; preserve path,B,A,same path; host/base redirect only
https://notes.nagi.tw/ja/topics/wireshark/,https://seraphforge.github.io/notes.nagi.tw/ja/topics/wireshark/,https://nagi.tw/ja/topics/wireshark/,review host/base redirect; preserve path,B,A,same path; host/base redirect only
https://notes.nagi.tw/ja/topics/zero-trust/,https://seraphforge.github.io/notes.nagi.tw/ja/topics/zero-trust/,https://nagi.tw/ja/topics/zero-trust/,review host/base redirect; preserve path,B,A,same path; host/base redirect only
https://notes.nagi.tw/ja/topics/近況/,https://seraphforge.github.io/notes.nagi.tw/ja/topics/近況/,https://nagi.tw/ja/topics/近況/,review host/base redirect; preserve path,B,A,same path; host/base redirect only
https://notes.nagi.tw/topics/,https://seraphforge.github.io/notes.nagi.tw/topics/,https://nagi.tw/topics/,review host/base redirect; preserve path,B,A,same path; host/base redirect only
https://notes.nagi.tw/topics/2026-cybersecurity-conference/,https://seraphforge.github.io/notes.nagi.tw/topics/2026-cybersecurity-conference/,https://nagi.tw/topics/2026-cybersecurity-conference/,review host/base redirect; preserve path,B,A,same path; host/base redirect only
https://notes.nagi.tw/topics/ai-security/,https://seraphforge.github.io/notes.nagi.tw/topics/ai-security/,https://nagi.tw/topics/ai-security/,review host/base redirect; preserve path,B,A,same path; host/base redirect only
https://notes.nagi.tw/topics/ai-soc/,https://seraphforge.github.io/notes.nagi.tw/topics/ai-soc/,https://nagi.tw/topics/ai-soc/,review host/base redirect; preserve path,B,A,same path; host/base redirect only
https://notes.nagi.tw/topics/ai/,https://seraphforge.github.io/notes.nagi.tw/topics/ai/,https://nagi.tw/topics/ai/,review host/base redirect; preserve path,B,A,same path; host/base redirect only
https://notes.nagi.tw/topics/blue-team/,https://seraphforge.github.io/notes.nagi.tw/topics/blue-team/,https://nagi.tw/topics/blue-team/,review host/base redirect; preserve path,B,A,same path; host/base redirect only
https://notes.nagi.tw/topics/career/,https://seraphforge.github.io/notes.nagi.tw/topics/career/,https://nagi.tw/topics/career/,review host/base redirect; preserve path,B,A,same path; host/base redirect only
https://notes.nagi.tw/topics/choices/,https://seraphforge.github.io/notes.nagi.tw/topics/choices/,https://nagi.tw/topics/choices/,review host/base redirect; preserve path,B,A,same path; host/base redirect only
https://notes.nagi.tw/topics/competition/,https://seraphforge.github.io/notes.nagi.tw/topics/competition/,https://nagi.tw/topics/competition/,review host/base redirect; preserve path,B,A,same path; host/base redirect only
https://notes.nagi.tw/topics/compliance/,https://seraphforge.github.io/notes.nagi.tw/topics/compliance/,https://nagi.tw/topics/compliance/,review host/base redirect; preserve path,B,A,same path; host/base redirect only
https://notes.nagi.tw/topics/ctf/,https://seraphforge.github.io/notes.nagi.tw/topics/ctf/,https://nagi.tw/topics/ctf/,review host/base redirect; preserve path,B,A,same path; host/base redirect only
https://notes.nagi.tw/topics/cybersec/,https://seraphforge.github.io/notes.nagi.tw/topics/cybersec/,https://nagi.tw/topics/cybersec/,review host/base redirect; preserve path,B,A,same path; host/base redirect only
https://notes.nagi.tw/topics/cybersecurity/,https://seraphforge.github.io/notes.nagi.tw/topics/cybersecurity/,https://nagi.tw/topics/cybersecurity/,review host/base redirect; preserve path,B,A,same path; host/base redirect only
https://notes.nagi.tw/topics/dfir/,https://seraphforge.github.io/notes.nagi.tw/topics/dfir/,https://nagi.tw/topics/dfir/,review host/base redirect; preserve path,B,A,same path; host/base redirect only
https://notes.nagi.tw/topics/edge-ai/,https://seraphforge.github.io/notes.nagi.tw/topics/edge-ai/,https://nagi.tw/topics/edge-ai/,review host/base redirect; preserve path,B,A,same path; host/base redirect only
https://notes.nagi.tw/topics/engineering/,https://seraphforge.github.io/notes.nagi.tw/topics/engineering/,https://nagi.tw/topics/engineering/,review host/base redirect; preserve path,B,A,same path; host/base redirect only
https://notes.nagi.tw/topics/financial-security/,https://seraphforge.github.io/notes.nagi.tw/topics/financial-security/,https://nagi.tw/topics/financial-security/,review host/base redirect; preserve path,B,A,same path; host/base redirect only
https://notes.nagi.tw/topics/frc/,https://seraphforge.github.io/notes.nagi.tw/topics/frc/,https://nagi.tw/topics/frc/,review host/base redirect; preserve path,B,A,same path; host/base redirect only
https://notes.nagi.tw/topics/future/,https://seraphforge.github.io/notes.nagi.tw/topics/future/,https://nagi.tw/topics/future/,review host/base redirect; preserve path,B,A,same path; host/base redirect only
https://notes.nagi.tw/topics/growth/,https://seraphforge.github.io/notes.nagi.tw/topics/growth/,https://nagi.tw/topics/growth/,review host/base redirect; preserve path,B,A,same path; host/base redirect only
https://notes.nagi.tw/topics/healthcare-medical-iot/,https://seraphforge.github.io/notes.nagi.tw/topics/healthcare-medical-iot/,https://nagi.tw/topics/healthcare-medical-iot/,review host/base redirect; preserve path,B,A,same path; host/base redirect only
https://notes.nagi.tw/topics/healthcare/,https://seraphforge.github.io/notes.nagi.tw/topics/healthcare/,https://nagi.tw/topics/healthcare/,review host/base redirect; preserve path,B,A,same path; host/base redirect only
https://notes.nagi.tw/topics/high-school-life/,https://seraphforge.github.io/notes.nagi.tw/topics/high-school-life/,https://nagi.tw/topics/high-school-life/,review host/base redirect; preserve path,B,A,same path; host/base redirect only
https://notes.nagi.tw/topics/homelab/,https://seraphforge.github.io/notes.nagi.tw/topics/homelab/,https://nagi.tw/topics/homelab/,review host/base redirect; preserve path,B,A,same path; host/base redirect only
https://notes.nagi.tw/topics/incident-response/,https://seraphforge.github.io/notes.nagi.tw/topics/incident-response/,https://nagi.tw/topics/incident-response/,review host/base redirect; preserve path,B,A,same path; host/base redirect only
https://notes.nagi.tw/topics/infosec-taiwan/,https://seraphforge.github.io/notes.nagi.tw/topics/infosec-taiwan/,https://nagi.tw/topics/infosec-taiwan/,review host/base redirect; preserve path,B,A,same path; host/base redirect only
https://notes.nagi.tw/topics/introduction/,https://seraphforge.github.io/notes.nagi.tw/topics/introduction/,https://nagi.tw/topics/introduction/,review host/base redirect; preserve path,B,A,same path; host/base redirect only
https://notes.nagi.tw/topics/journey/,https://seraphforge.github.io/notes.nagi.tw/topics/journey/,https://nagi.tw/topics/journey/,review host/base redirect; preserve path,B,A,same path; host/base redirect only
https://notes.nagi.tw/topics/malware-analysis/,https://seraphforge.github.io/notes.nagi.tw/topics/malware-analysis/,https://nagi.tw/topics/malware-analysis/,review host/base redirect; preserve path,B,A,same path; host/base redirect only
https://notes.nagi.tw/topics/medical-cybersecurity/,https://seraphforge.github.io/notes.nagi.tw/topics/medical-cybersecurity/,https://nagi.tw/topics/medical-cybersecurity/,review host/base redirect; preserve path,B,A,same path; host/base redirect only
https://notes.nagi.tw/topics/memories/,https://seraphforge.github.io/notes.nagi.tw/topics/memories/,https://nagi.tw/topics/memories/,review host/base redirect; preserve path,B,A,same path; host/base redirect only
https://notes.nagi.tw/topics/my-story/,https://seraphforge.github.io/notes.nagi.tw/topics/my-story/,https://nagi.tw/topics/my-story/,review host/base redirect; preserve path,B,A,same path; host/base redirect only
https://notes.nagi.tw/topics/ot-security/,https://seraphforge.github.io/notes.nagi.tw/topics/ot-security/,https://nagi.tw/topics/ot-security/,review host/base redirect; preserve path,B,A,same path; host/base redirect only
https://notes.nagi.tw/topics/personal/,https://seraphforge.github.io/notes.nagi.tw/topics/personal/,https://nagi.tw/topics/personal/,review host/base redirect; preserve path,B,A,same path; host/base redirect only
https://notes.nagi.tw/topics/post-quantum-cryptography/,https://seraphforge.github.io/notes.nagi.tw/topics/post-quantum-cryptography/,https://nagi.tw/topics/post-quantum-cryptography/,review host/base redirect; preserve path,B,A,same path; host/base redirect only
https://notes.nagi.tw/topics/projects/,https://seraphforge.github.io/notes.nagi.tw/topics/projects/,https://nagi.tw/topics/projects/,review host/base redirect; preserve path,B,A,same path; host/base redirect only
https://notes.nagi.tw/topics/raspberry-pi/,https://seraphforge.github.io/notes.nagi.tw/topics/raspberry-pi/,https://nagi.tw/topics/raspberry-pi/,review host/base redirect; preserve path,B,A,same path; host/base redirect only
https://notes.nagi.tw/topics/reflection/,https://seraphforge.github.io/notes.nagi.tw/topics/reflection/,https://nagi.tw/topics/reflection/,review host/base redirect; preserve path,B,A,same path; host/base redirect only
https://notes.nagi.tw/topics/research/,https://seraphforge.github.io/notes.nagi.tw/topics/research/,https://nagi.tw/topics/research/,review host/base redirect; preserve path,B,A,same path; host/base redirect only
https://notes.nagi.tw/topics/responsible-security-culture/,https://seraphforge.github.io/notes.nagi.tw/topics/responsible-security-culture/,https://nagi.tw/topics/responsible-security-culture/,review host/base redirect; preserve path,B,A,same path; host/base redirect only
https://notes.nagi.tw/topics/retail/,https://seraphforge.github.io/notes.nagi.tw/topics/retail/,https://nagi.tw/topics/retail/,review host/base redirect; preserve path,B,A,same path; host/base redirect only
https://notes.nagi.tw/topics/robotics/,https://seraphforge.github.io/notes.nagi.tw/topics/robotics/,https://nagi.tw/topics/robotics/,review host/base redirect; preserve path,B,A,same path; host/base redirect only
https://notes.nagi.tw/topics/security-culture/,https://seraphforge.github.io/notes.nagi.tw/topics/security-culture/,https://nagi.tw/topics/security-culture/,review host/base redirect; preserve path,B,A,same path; host/base redirect only
https://notes.nagi.tw/topics/security/,https://seraphforge.github.io/notes.nagi.tw/topics/security/,https://nagi.tw/topics/security/,review host/base redirect; preserve path,B,A,same path; host/base redirect only
https://notes.nagi.tw/topics/sme-security/,https://seraphforge.github.io/notes.nagi.tw/topics/sme-security/,https://nagi.tw/topics/sme-security/,review host/base redirect; preserve path,B,A,same path; host/base redirect only
https://notes.nagi.tw/topics/soc/,https://seraphforge.github.io/notes.nagi.tw/topics/soc/,https://nagi.tw/topics/soc/,review host/base redirect; preserve path,B,A,same path; host/base redirect only
https://notes.nagi.tw/topics/students/,https://seraphforge.github.io/notes.nagi.tw/topics/students/,https://nagi.tw/topics/students/,review host/base redirect; preserve path,B,A,same path; host/base redirect only
https://notes.nagi.tw/topics/windows-forensics/,https://seraphforge.github.io/notes.nagi.tw/topics/windows-forensics/,https://nagi.tw/topics/windows-forensics/,review host/base redirect; preserve path,B,A,same path; host/base redirect only
https://notes.nagi.tw/topics/windows-malware/,https://seraphforge.github.io/notes.nagi.tw/topics/windows-malware/,https://nagi.tw/topics/windows-malware/,review host/base redirect; preserve path,B,A,same path; host/base redirect only
https://notes.nagi.tw/topics/wireshark/,https://seraphforge.github.io/notes.nagi.tw/topics/wireshark/,https://nagi.tw/topics/wireshark/,review host/base redirect; preserve path,B,A,same path; host/base redirect only
https://notes.nagi.tw/topics/zero-trust/,https://seraphforge.github.io/notes.nagi.tw/topics/zero-trust/,https://nagi.tw/topics/zero-trust/,review host/base redirect; preserve path,B,A,same path; host/base redirect only
https://notes.nagi.tw/topics/近況/,https://seraphforge.github.io/notes.nagi.tw/topics/近況/,https://nagi.tw/topics/近況/,review host/base redirect; preserve path,B,A,same path; host/base redirect only
https://notes.nagi.tw/rss.xml,https://seraphforge.github.io/notes.nagi.tw/rss.xml,https://nagi.tw/rss.xml,review host/base redirect; preserve path,B,A,same path; host/base redirect only
https://notes.nagi.tw/search-index.json,https://seraphforge.github.io/notes.nagi.tw/search-index.json,https://nagi.tw/search-index.json,review host/base redirect; preserve path,B,A,same path; host/base redirect only
https://notes.nagi.tw/robots.txt,https://seraphforge.github.io/notes.nagi.tw/robots.txt,https://nagi.tw/robots.txt,review host/base redirect; preserve path,B,A,same path; host/base redirect only
https://notes.nagi.tw/sitemap-index.xml,https://seraphforge.github.io/notes.nagi.tw/sitemap-index.xml,https://nagi.tw/sitemap-index.xml,review host/base redirect; preserve path,B,A,same path; host/base redirect only
https://notes.nagi.tw/sitemap-0.xml,https://seraphforge.github.io/notes.nagi.tw/sitemap-0.xml,https://nagi.tw/sitemap-0.xml,review host/base redirect; preserve path,B,A,same path; host/base redirect only
https://notes.nagi.tw/articles/retail-work-sme-security-culture/en/,https://seraphforge.github.io/notes.nagi.tw/articles/retail-work-sme-security-culture/en/,https://nagi.tw/en/articles/retail-work-sme-security-culture/,older committed language suffix; explicit redirect review required,B,B,known language suffix maps to published locale edition
https://notes.nagi.tw/articles/retail-work-sme-security-culture/ja/,https://seraphforge.github.io/notes.nagi.tw/articles/retail-work-sme-security-culture/ja/,https://nagi.tw/ja/articles/retail-work-sme-security-culture/,older committed language suffix; explicit redirect review required,B,B,known language suffix maps to published locale edition
https://notes.nagi.tw/articles/ctf-meets-malware-analysis-windows/en/,https://seraphforge.github.io/notes.nagi.tw/articles/ctf-meets-malware-analysis-windows/en/,https://nagi.tw/en/articles/ctf-meets-malware-analysis-windows/,older committed language suffix; explicit redirect review required,B,B,known language suffix maps to published locale edition
https://notes.nagi.tw/articles/ctf-meets-malware-analysis-windows/ja/,https://seraphforge.github.io/notes.nagi.tw/articles/ctf-meets-malware-analysis-windows/ja/,https://nagi.tw/ja/articles/ctf-meets-malware-analysis-windows/,older committed language suffix; explicit redirect review required,B,B,known language suffix maps to published locale edition
https://notes.nagi.tw/articles/infosec-taiwan-2026-student-industry-gap/en/,https://seraphforge.github.io/notes.nagi.tw/articles/infosec-taiwan-2026-student-industry-gap/en/,https://nagi.tw/en/articles/infosec-taiwan-2026-student-industry-gap/,older committed language suffix; explicit redirect review required,B,B,known language suffix maps to published locale edition
https://notes.nagi.tw/articles/infosec-taiwan-2026-student-industry-gap/ja/,https://seraphforge.github.io/notes.nagi.tw/articles/infosec-taiwan-2026-student-industry-gap/ja/,https://nagi.tw/ja/articles/infosec-taiwan-2026-student-industry-gap/,older committed language suffix; explicit redirect review required,B,B,known language suffix maps to published locale edition
https://notes.nagi.tw/articles/prologue-the-people-i-met-along-the-way/ja/,https://seraphforge.github.io/notes.nagi.tw/articles/prologue-the-people-i-met-along-the-way/ja/,https://nagi.tw/ja/articles/prologue-the-people-i-met-along-the-way/,older committed language suffix; explicit redirect review required,B,B,known language suffix maps to published locale edition
https://notes.nagi.tw/articles/ten-years-from-now-dont-forget-who-you-are-now/ja/,https://seraphforge.github.io/notes.nagi.tw/articles/ten-years-from-now-dont-forget-who-you-are-now/ja/,https://nagi.tw/ja/articles/ten-years-from-now-dont-forget-who-you-are-now/,older committed language suffix; explicit redirect review required,B,B,known language suffix maps to published locale edition
https://notes.nagi.tw/articles/nurse-made-me-rethink-medical-cybersecurity/en/,https://seraphforge.github.io/notes.nagi.tw/articles/nurse-made-me-rethink-medical-cybersecurity/en/,https://nagi.tw/en/articles/nurse-made-me-rethink-medical-cybersecurity/,older committed language suffix; explicit redirect review required,B,B,known language suffix maps to published locale edition
https://notes.nagi.tw/articles/nurse-made-me-rethink-medical-cybersecurity/ja/,https://seraphforge.github.io/notes.nagi.tw/articles/nurse-made-me-rethink-medical-cybersecurity/ja/,https://nagi.tw/ja/articles/nurse-made-me-rethink-medical-cybersecurity/,older committed language suffix; explicit redirect review required,B,B,known language suffix maps to published locale edition
https://notes.nagi.tw/articles/2026-security-conference/en/,https://seraphforge.github.io/notes.nagi.tw/articles/2026-security-conference/en/,https://nagi.tw/en/articles/2026-security-conference/,older committed language suffix; explicit redirect review required,B,B,known language suffix maps to published locale edition
https://notes.nagi.tw/articles/2026-security-conference/ja/,https://seraphforge.github.io/notes.nagi.tw/articles/2026-security-conference/ja/,https://nagi.tw/ja/articles/2026-security-conference/,older committed language suffix; explicit redirect review required,B,B,known language suffix maps to published locale edition
https://notes.nagi.tw/articles/not-everyone-has-to-walk-the-same-road/ja/,https://seraphforge.github.io/notes.nagi.tw/articles/not-everyone-has-to-walk-the-same-road/ja/,https://nagi.tw/ja/articles/not-everyone-has-to-walk-the-same-road/,older committed language suffix; explicit redirect review required,B,B,known language suffix maps to published locale edition
